"ant1","ant2","weightHH"
1,2,273
1,3,91
2,3,87
1,4,223
2,4,49
3,4,173
1,5,132
2,5,61
3,5,62
4,5,92
1,6,9
2,6,5
3,6,184
4,6,45
5,6,6
1,7,19
2,7,24
3,7,100
4,7,132
5,7,8
6,7,253
1,8,93
2,8,74
3,8,78
4,8,234
5,8,63
6,8,23
7,8,135
1,9,15
2,9,1
3,9,33
4,9,11
5,9,2
6,9,127
7,9,81
8,9,31
1,10,124
2,10,98
3,10,106
4,10,281
5,10,82
6,10,16
7,10,101
8,10,231
9,10,10
1,11,9
2,11,10
3,11,50
4,11,25
5,11,8
6,11,83
7,11,143
8,11,33
9,11,28
10,11,4
1,13,16
2,13,12
3,13,98
4,13,60
5,13,19
6,13,390
7,13,547
8,13,43
9,13,126
10,13,25
11,13,78
1,14,0
2,14,0
3,14,3
4,14,2
6,14,15
7,14,42
8,14,5
9,14,117
10,14,2
11,14,11
13,14,195
1,15,11
2,15,2
3,15,27
4,15,22
5,15,0
6,15,54
7,15,130
8,15,16
9,15,54
10,15,36
11,15,122
13,15,214
14,15,73
1,16,10
2,16,1
3,16,2
4,16,1
6,16,14
7,16,62
8,16,6
9,16,154
10,16,6
11,16,8
13,16,265
14,16,704
15,16,98
1,17,365
2,17,317
3,17,145
4,17,88
5,17,45
6,17,7
7,17,31
8,17,273
9,17,6
10,17,103
11,17,6
13,17,35
14,17,1
15,17,9
16,17,3
1,18,11
2,18,6
3,18,76
4,18,48
5,18,14
6,18,88
7,18,127
8,18,32
9,18,66
10,18,25
11,18,58
13,18,280
14,18,157
15,18,66
16,18,243
17,18,4
1,19,135
2,19,37
3,19,299
4,19,330
5,19,68
6,19,122
7,19,131
8,19,314
9,19,18
10,19,123
11,19,18
13,19,73
14,19,3
15,19,17
16,19,7
17,19,74
18,19,28
1,20,248
2,20,88
3,20,100
4,20,138
5,20,72
6,20,6
7,20,36
8,20,116
9,20,7
10,20,219
11,20,22
13,20,16
14,20,1
15,20,5
16,20,1
17,20,136
18,20,14
19,20,125
1,21,130
2,21,125
3,21,161
4,21,138
5,21,30
6,21,26
7,21,72
8,21,180
9,21,15
10,21,414
11,21,17
13,21,35
14,21,1
15,21,16
16,21,5
17,21,134
18,21,26
19,21,199
20,21,155
1,22,563
2,22,353
3,22,185
4,22,137
5,22,286
6,22,12
7,22,23
8,22,107
9,22,9
10,22,117
11,22,5
13,22,14
15,22,7
16,22,4
17,22,360
18,22,6
19,22,92
20,22,139
21,22,127
1,23,498
2,23,311
3,23,132
4,23,107
5,23,202
6,23,11
7,23,23
8,23,97
9,23,2
10,23,66
11,23,7
13,23,19
14,23,1
15,23,6
16,23,1
17,23,365
18,23,6
19,23,67
20,23,105
21,23,70
22,23,191
1,24,312
2,24,136
3,24,78
4,24,243
5,24,468
6,24,32
7,24,103
8,24,295
9,24,24
10,24,117
11,24,30
13,24,21
14,24,7
15,24,15
16,24,5
17,24,143
18,24,30
19,24,316
20,24,295
21,24,96
22,24,318
23,24,235
1,25,208
2,25,92
3,25,143
4,25,207
5,25,819
6,25,81
7,25,90
8,25,166
9,25,23
10,25,100
11,25,27
13,25,52
14,25,1
15,25,14
16,25,7
17,25,192
18,25,22
19,25,195
20,25,166
21,25,189
22,25,151
23,25,160
24,25,529
1,26,503
2,26,175
3,26,37
4,26,31
5,26,177
6,26,7
7,26,6
8,26,56
9,26,0
10,26,120
11,26,0
13,26,7
14,26,0
15,26,1
17,26,169
18,26,3
19,26,37
20,26,45
21,26,31
22,26,178
23,26,110
24,26,118
25,26,83
1,27,444
2,27,146
3,27,190
4,27,328
5,27,114
6,27,28
7,27,92
8,27,279
9,27,7
10,27,176
11,27,13
13,27,30
14,27,3
15,27,20
16,27,1
17,27,148
18,27,11
19,27,209
20,27,433
21,27,151
22,27,209
23,27,137
24,27,430
25,27,276
26,27,125
1,29,12
2,29,5
3,29,69
4,29,34
5,29,4
6,29,149
7,29,173
8,29,37
9,29,104
10,29,29
11,29,72
13,29,308
14,29,250
15,29,113
16,29,481
17,29,16
18,29,195
19,29,48
20,29,5
21,29,56
22,29,11
23,29,8
24,29,17
25,29,20
26,29,7
27,29,24
1,30,63
2,30,54
3,30,751
4,30,191
5,30,38
6,30,106
7,30,122
8,30,98
9,30,71
10,30,141
11,30,26
13,30,46
14,30,5
15,30,79
16,30,14
17,30,98
18,30,70
19,30,172
20,30,75
21,30,135
22,30,80
23,30,42
24,30,109
25,30,181
26,30,19
27,30,137
29,30,87
1,31,4
3,31,3
4,31,1
6,31,38
7,31,100
8,31,4
9,31,114
10,31,12
11,31,5
13,31,273
14,31,454
15,31,136
16,31,375
17,31,0
18,31,256
19,31,8
20,31,5
21,31,6
22,31,1
23,31,4
24,31,14
25,31,4
26,31,0
27,31,1
29,31,416
30,31,9
1,32,143
2,32,44
3,32,157
4,32,191
5,32,120
6,32,14
7,32,42
8,32,179
9,32,2
10,32,187
11,32,20
13,32,20
15,32,16
16,32,5
17,32,416
18,32,6
19,32,145
20,32,158
21,32,126
22,32,120
23,32,78
24,32,196
25,32,126
26,32,306
27,32,237
29,32,20
30,32,122
31,32,1
1,33,1
2,33,3
3,33,6
4,33,5
6,33,50
7,33,75
8,33,9
9,33,94
10,33,1
11,33,10
13,33,353
14,33,575
15,33,133
16,33,273
17,33,3
18,33,374
19,33,5
20,33,7
21,33,4
22,33,1
24,33,3
25,33,12
27,33,1
29,33,663
30,33,9
31,33,343
32,33,2
1,34,6
3,34,23
4,34,5
6,34,39
7,34,32
8,34,9
9,34,21
10,34,0
11,34,11
13,34,173
14,34,131
15,34,49
16,34,180
17,34,1
18,34,67
19,34,8
20,34,3
21,34,2
22,34,1
23,34,0
24,34,14
25,34,6
26,34,2
27,34,5
29,34,79
30,34,14
31,34,171
32,34,2
33,34,177
1,37,6
2,37,12
3,37,92
4,37,24
5,37,7
6,37,171
7,37,510
8,37,28
9,37,90
10,37,41
11,37,96
13,37,362
14,37,141
15,37,100
16,37,157
17,37,70
18,37,169
19,37,60
20,37,7
21,37,51
22,37,15
23,37,13
24,37,55
25,37,40
26,37,3
27,37,27
29,37,217
30,37,105
31,37,318
32,37,19
33,37,453
34,37,107
1,38,1032
2,38,100
3,38,84
4,38,445
5,38,199
6,38,7
7,38,25
8,38,276
9,38,7
10,38,95
11,38,19
13,38,19
14,38,6
15,38,11
16,38,1
17,38,214
18,38,17
19,38,76
20,38,149
21,38,85
22,38,618
23,38,63
24,38,390
25,38,193
26,38,186
27,38,319
29,38,13
30,38,61
31,38,1
32,38,190
33,38,2
34,38,11
37,38,30
1,39,496
2,39,311
3,39,87
4,39,95
5,39,98
6,39,20
7,39,44
8,39,160
9,39,2
10,39,79
11,39,5
13,39,91
14,39,1
15,39,13
16,39,4
17,39,316
18,39,9
19,39,78
20,39,213
21,39,66
22,39,573
23,39,473
24,39,212
25,39,114
26,39,202
27,39,435
29,39,29
30,39,46
31,39,2
32,39,76
33,39,2
34,39,3
37,39,10
38,39,957
1,40,1000
2,40,154
3,40,60
4,40,251
5,40,279
6,40,12
7,40,59
8,40,143
9,40,5
10,40,165
11,40,11
13,40,17
14,40,1
15,40,4
16,40,1
17,40,415
18,40,9
19,40,143
20,40,317
21,40,173
22,40,654
23,40,85
24,40,255
25,40,180
26,40,91
27,40,502
29,40,12
30,40,43
31,40,2
32,40,74
33,40,1
34,40,6
37,40,33
38,40,1757
39,40,862
1,41,244
2,41,251
3,41,94
4,41,105
5,41,216
6,41,17
7,41,18
8,41,88
9,41,8
10,41,70
11,41,2
13,41,13
15,41,4
17,41,583
18,41,5
19,41,53
20,41,330
21,41,59
22,41,398
23,41,262
24,41,208
25,41,73
26,41,169
27,41,316
29,41,5
30,41,39
32,41,111
33,41,3
34,41,3
37,41,10
38,41,293
39,41,507
40,41,289
1,42,99
2,42,53
3,42,114
4,42,202
5,42,29
6,42,49
7,42,98
8,42,127
9,42,14
10,42,140
11,42,29
13,42,34
14,42,1
15,42,19
16,42,5
17,42,88
18,42,29
19,42,452
20,42,84
21,42,268
22,42,126
23,42,100
24,42,113
25,42,174
26,42,30
27,42,270
29,42,53
30,42,64
31,42,0
32,42,141
33,42,8
34,42,8
37,42,49
38,42,124
39,42,81
40,42,72
41,42,61
1,43,2564
2,43,127
3,43,182
4,43,299
5,43,242
6,43,21
7,43,60
8,43,110
9,43,9
10,43,134
11,43,9
13,43,26
14,43,5
15,43,5
16,43,1
17,43,248
18,43,12
19,43,294
20,43,251
21,43,186
22,43,754
23,43,185
24,43,191
25,43,317
26,43,402
27,43,388
29,43,21
30,43,125
31,43,1
32,43,232
33,43,4
34,43,2
37,43,23
38,43,2213
39,43,800
40,43,1972
41,43,293
42,43,114
1,44,451
2,44,627
3,44,106
4,44,101
5,44,201
6,44,2
7,44,29
8,44,51
9,44,3
10,44,208
11,44,8
13,44,22
15,44,21
16,44,3
17,44,275
18,44,4
19,44,39
20,44,117
21,44,77
22,44,367
23,44,338
24,44,323
25,44,104
26,44,318
27,44,144
29,44,17
30,44,36
31,44,1
32,44,124
33,44,2
34,44,0
37,44,5
38,44,255
39,44,494
40,44,249
41,44,370
42,44,43
43,44,290
1,45,35
2,45,25
3,45,118
4,45,131
5,45,7
6,45,118
7,45,216
8,45,134
9,45,122
10,45,83
11,45,43
13,45,73
14,45,6
15,45,39
16,45,6
17,45,33
18,45,58
19,45,186
20,45,34
21,45,180
22,45,35
23,45,30
24,45,100
25,45,81
26,45,8
27,45,79
29,45,93
30,45,159
31,45,11
32,45,46
33,45,31
34,45,11
37,45,200
38,45,52
39,45,54
40,45,38
41,45,17
42,45,84
43,45,81
44,45,27
1,46,75
2,46,46
3,46,95
4,46,161
5,46,43
6,46,49
7,46,159
8,46,310
9,46,18
10,46,194
11,46,16
13,46,57
14,46,2
15,46,22
16,46,2
17,46,89
18,46,42
19,46,281
20,46,53
21,46,123
22,46,61
23,46,33
24,46,68
25,46,116
26,46,19
27,46,138
29,46,97
30,46,101
31,46,5
32,46,77
33,46,6
34,46,16
37,46,80
38,46,197
39,46,44
40,46,53
41,46,70
42,46,191
43,46,78
44,46,102
45,46,140
1,47,254
2,47,369
3,47,70
4,47,85
5,47,121
6,47,6
7,47,13
8,47,60
9,47,1
10,47,82
11,47,4
13,47,19
15,47,2
16,47,1
17,47,187
18,47,5
19,47,36
20,47,56
21,47,63
22,47,262
23,47,214
24,47,138
25,47,163
26,47,154
27,47,204
29,47,8
30,47,23
32,47,54
34,47,0
37,47,8
38,47,155
39,47,573
40,47,149
41,47,378
42,47,72
43,47,139
44,47,317
45,47,21
46,47,38
1,48,173
2,48,112
3,48,340
4,48,281
5,48,169
6,48,37
7,48,43
8,48,326
9,48,11
10,48,123
11,48,13
13,48,21
14,48,3
15,48,14
16,48,8
17,48,135
18,48,9
19,48,314
20,48,176
21,48,185
22,48,276
23,48,128
24,48,299
25,48,188
26,48,172
27,48,553
29,48,30
30,48,149
31,48,9
32,48,377
33,48,2
34,48,1
37,48,20
38,48,281
39,48,106
40,48,187
41,48,100
42,48,100
43,48,437
44,48,77
45,48,34
46,48,99
47,48,60
1,49,397
2,49,243
3,49,71
4,49,361
5,49,121
6,49,5
7,49,18
8,49,71
9,49,0
10,49,90
11,49,5
13,49,11
15,49,2
16,49,0
17,49,237
18,49,17
19,49,89
20,49,217
21,49,67
22,49,258
23,49,279
24,49,143
25,49,108
26,49,220
27,49,222
29,49,3
30,49,37
31,49,2
32,49,79
33,49,1
34,49,2
37,49,13
38,49,227
39,49,526
40,49,471
41,49,364
42,49,131
43,49,232
44,49,353
45,49,11
46,49,62
47,49,211
48,49,103
1,50,36
2,50,35
3,50,82
4,50,156
5,50,65
6,50,37
7,50,176
8,50,73
9,50,15
10,50,103
11,50,28
13,50,22
14,50,3
15,50,9
17,50,71
18,50,18
19,50,148
20,50,33
21,50,185
22,50,30
23,50,30
24,50,97
25,50,58
26,50,25
27,50,159
29,50,16
30,50,79
31,50,8
32,50,129
33,50,14
34,50,2
37,50,34
38,50,84
39,50,28
40,50,96
41,50,37
42,50,142
43,50,94
44,50,27
45,50,103
46,50,119
47,50,37
48,50,73
49,50,36
1,51,526
2,51,146
3,51,104
4,51,309
5,51,130
6,51,6
7,51,16
8,51,72
9,51,1
10,51,134
11,51,8
13,51,20
14,51,6
15,51,7
16,51,1
17,51,288
18,51,4
19,51,36
20,51,363
21,51,80
22,51,465
23,51,295
24,51,262
25,51,109
26,51,476
27,51,203
29,51,16
30,51,44
31,51,0
32,51,54
33,51,1
34,51,7
37,51,7
38,51,1106
39,51,636
40,51,1263
41,51,263
42,51,72
43,51,2054
44,51,276
45,51,34
46,51,57
47,51,175
48,51,112
49,51,348
50,51,59
1,52,32
2,52,21
3,52,112
4,52,137
5,52,37
6,52,103
7,52,305
8,52,170
9,52,26
10,52,102
11,52,60
13,52,217
14,52,3
15,52,41
16,52,13
17,52,26
18,52,95
19,52,153
20,52,51
21,52,107
22,52,20
23,52,31
24,52,95
25,52,122
26,52,17
27,52,245
29,52,32
30,52,189
31,52,5
32,52,56
33,52,32
34,52,10
37,52,149
38,52,70
39,52,43
40,52,32
41,52,19
42,52,242
43,52,87
44,52,18
45,52,303
46,52,211
47,52,34
48,52,104
49,52,35
50,52,95
51,52,23
1,53,35
2,53,53
3,53,128
4,53,311
5,53,75
6,53,101
7,53,75
8,53,129
9,53,8
10,53,117
11,53,21
13,53,47
15,53,9
16,53,6
17,53,71
18,53,20
19,53,194
20,53,129
21,53,143
22,53,244
23,53,32
24,53,130
25,53,257
26,53,60
27,53,242
29,53,19
30,53,180
31,53,10
32,53,208
33,53,3
34,53,4
37,53,30
38,53,84
39,53,84
40,53,189
41,53,43
42,53,129
43,53,103
44,53,32
45,53,79
46,53,136
47,53,37
48,53,360
49,53,94
50,53,133
51,53,128
52,53,109
1,54,8
2,54,5
3,54,48
4,54,44
5,54,5
6,54,47
7,54,360
8,54,64
9,54,146
10,54,36
11,54,134
13,54,193
14,54,27
15,54,76
16,54,87
17,54,13
18,54,117
19,54,79
20,54,10
21,54,60
22,54,18
23,54,11
24,54,65
25,54,44
26,54,4
27,54,24
29,54,65
30,54,61
31,54,82
32,54,47
33,54,96
34,54,60
37,54,137
38,54,20
39,54,35
40,54,28
41,54,7
42,54,64
43,54,25
44,54,11
45,54,167
46,54,165
47,54,11
48,54,45
49,54,5
50,54,28
51,54,17
52,54,75
53,54,87
1,55,42
2,55,26
3,55,193
4,55,160
5,55,19
6,55,53
7,55,224
8,55,148
9,55,26
10,55,138
11,55,65
13,55,81
14,55,1
15,55,53
16,55,6
17,55,35
18,55,47
19,55,204
20,55,59
21,55,164
22,55,61
23,55,31
24,55,71
25,55,109
26,55,10
27,55,125
29,55,67
30,55,201
31,55,12
32,55,142
33,55,8
34,55,6
37,55,80
38,55,83
39,55,35
40,55,52
41,55,53
42,55,123
43,55,70
44,55,36
45,55,166
46,55,192
47,55,32
48,55,91
49,55,35
50,55,124
51,55,40
52,55,114
53,55,146
54,55,151
1,56,0
3,56,2
4,56,11
5,56,1
6,56,16
7,56,23
8,56,11
9,56,8
11,56,10
13,56,140
14,56,81
15,56,72
16,56,61
17,56,0
18,56,88
19,56,6
20,56,1
21,56,3
22,56,2
23,56,0
24,56,5
25,56,3
27,56,8
29,56,125
30,56,5
31,56,65
32,56,1
33,56,127
34,56,22
37,56,85
38,56,4
39,56,0
41,56,0
42,56,4
44,56,0
45,56,6
46,56,4
47,56,1
48,56,4
50,56,1
51,56,2
52,56,10
53,56,4
54,56,24
55,56,1
1,57,554
2,57,223
3,57,167
4,57,213
5,57,302
6,57,18
7,57,31
8,57,245
9,57,7
10,57,119
11,57,3
13,57,27
14,57,1
15,57,10
16,57,1
17,57,338
18,57,14
19,57,184
20,57,244
21,57,182
22,57,308
23,57,292
24,57,179
25,57,349
26,57,90
27,57,215
29,57,25
30,57,91
31,57,9
32,57,166
33,57,0
34,57,3
37,57,35
38,57,319
39,57,229
40,57,315
41,57,359
42,57,110
43,57,295
44,57,324
45,57,30
46,57,63
47,57,172
48,57,289
49,57,188
50,57,67
51,57,221
52,57,38
53,57,66
54,57,33
55,57,50
1,58,9
2,58,5
3,58,32
4,58,15
5,58,3
6,58,80
7,58,173
8,58,25
9,58,120
10,58,17
11,58,35
13,58,358
14,58,491
15,58,169
16,58,943
17,58,8
18,58,310
19,58,24
20,58,11
21,58,22
22,58,8
23,58,4
24,58,9
25,58,26
26,58,2
27,58,7
29,58,393
30,58,51
31,58,1000
32,58,14
33,58,876
34,58,233
37,58,279
38,58,4
39,58,15
40,58,7
41,58,3
42,58,21
43,58,10
44,58,6
45,58,53
46,58,22
47,58,2
48,58,9
49,58,6
50,58,17
51,58,5
52,58,20
53,58,12
54,58,90
55,58,19
56,58,140
57,58,12
1,59,303
2,59,50
3,59,93
4,59,408
5,59,180
6,59,19
7,59,46
8,59,302
9,59,4
10,59,109
11,59,8
13,59,25
14,59,2
15,59,11
16,59,5
17,59,353
18,59,13
19,59,271
20,59,134
21,59,176
22,59,224
23,59,66
24,59,329
25,59,380
26,59,224
27,59,300
29,59,27
30,59,166
31,59,2
32,59,320
34,59,3
37,59,21
38,59,240
39,59,86
40,59,265
41,59,86
42,59,199
43,59,328
44,59,112
45,59,56
46,59,88
47,59,31
48,59,388
49,59,234
50,59,57
51,59,210
52,59,83
53,59,143
54,59,85
55,59,73
56,59,3
57,59,355
58,59,8
1,60,94
2,60,49
3,60,88
4,60,79
5,60,95
6,60,20
7,60,20
8,60,29
9,60,4
10,60,93
11,60,5
13,60,9
14,60,0
15,60,9
16,60,6
17,60,62
18,60,10
19,60,68
20,60,124
21,60,116
22,60,84
23,60,92
24,60,180
25,60,72
26,60,65
27,60,74
29,60,15
30,60,49
31,60,10
32,60,83
33,60,3
34,60,4
37,60,20
38,60,59
39,60,34
40,60,113
41,60,153
42,60,219
43,60,145
44,60,39
45,60,92
46,60,72
47,60,69
48,60,94
49,60,104
50,60,84
51,60,289
52,60,123
53,60,95
54,60,23
55,60,60
56,60,1
57,60,47
58,60,11
59,60,44
1,61,140
2,61,600
3,61,74
4,61,88
5,61,125
6,61,5
7,61,9
8,61,85
9,61,1
10,61,152
11,61,3
13,61,7
15,61,3
16,61,0
17,61,83
18,61,3
19,61,44
20,61,581
21,61,35
22,61,583
23,61,57
24,61,197
25,61,83
26,61,226
27,61,188
29,61,0
30,61,11
31,61,2
32,61,39
34,61,1
37,61,11
38,61,548
39,61,1084
40,61,797
41,61,183
42,61,37
43,61,521
44,61,199
45,61,57
46,61,46
47,61,205
48,61,126
49,61,301
50,61,45
51,61,833
52,61,10
53,61,99
54,61,7
55,61,22
57,61,167
58,61,5
59,61,102
60,61,66
1,62,79
2,62,59
3,62,221
4,62,248
5,62,79
6,62,109
7,62,341
8,62,99
9,62,20
10,62,172
11,62,42
13,62,77
14,62,2
15,62,25
16,62,14
17,62,49
18,62,49
19,62,333
20,62,57
21,62,229
22,62,53
23,62,26
24,62,123
25,62,130
26,62,15
27,62,139
29,62,54
30,62,274
31,62,5
32,62,140
33,62,10
34,62,5
37,62,95
38,62,61
39,62,61
40,62,28
41,62,37
42,62,244
43,62,104
44,62,39
45,62,260
46,62,235
47,62,76
48,62,101
49,62,27
50,62,169
51,62,42
52,62,339
53,62,144
54,62,170
55,62,371
56,62,4
57,62,119
58,62,41
59,62,107
60,62,92
61,62,18
1,63,72
2,63,141
3,63,78
4,63,428
5,63,18
6,63,39
7,63,96
8,63,251
9,63,20
10,63,302
11,63,37
13,63,58
14,63,2
15,63,23
16,63,2
17,63,43
18,63,20
19,63,435
20,63,149
21,63,250
22,63,66
23,63,39
24,63,151
25,63,275
26,63,54
27,63,196
29,63,27
30,63,149
31,63,7
32,63,242
33,63,6
34,63,4
37,63,54
38,63,134
39,63,91
40,63,73
41,63,62
42,63,244
43,63,78
44,63,59
45,63,103
46,63,240
47,63,31
48,63,288
49,63,66
50,63,142
51,63,113
52,63,166
53,63,691
54,63,118
55,63,237
56,63,5
57,63,205
58,63,16
59,63,279
60,63,80
61,63,67
62,63,167
1,65,16
2,65,69
3,65,81
4,65,122
5,65,13
6,65,95
7,65,258
8,65,43
9,65,8
10,65,43
11,65,24
13,65,57
14,65,1
15,65,22
16,65,5
17,65,18
18,65,58
19,65,128
20,65,24
21,65,63
22,65,8
23,65,23
24,65,31
25,65,69
26,65,5
27,65,122
29,65,34
30,65,58
31,65,5
32,65,25
33,65,6
34,65,5
37,65,119
38,65,37
39,65,17
40,65,44
41,65,32
42,65,161
43,65,23
44,65,18
45,65,351
46,65,122
47,65,18
48,65,46
49,65,4
50,65,162
51,65,11
52,65,395
53,65,124
54,65,150
55,65,82
56,65,1
57,65,54
58,65,20
59,65,66
60,65,120
61,65,10
62,65,145
63,65,93
1,66,8
2,66,8
3,66,63
4,66,42
5,66,14
6,66,116
7,66,229
8,66,51
9,66,63
10,66,44
11,66,38
13,66,267
14,66,62
15,66,95
16,66,156
17,66,19
18,66,144
19,66,57
20,66,17
21,66,46
22,66,11
23,66,13
24,66,41
25,66,23
26,66,0
27,66,32
29,66,177
30,66,98
31,66,171
32,66,31
33,66,153
34,66,73
37,66,260
38,66,15
39,66,11
40,66,16
41,66,10
42,66,44
43,66,16
44,66,8
45,66,111
46,66,43
47,66,14
48,66,21
49,66,9
50,66,26
51,66,17
52,66,175
53,66,49
54,66,107
55,66,77
56,66,42
57,66,28
58,66,199
59,66,12
60,66,49
61,66,9
62,66,83
63,66,62
65,66,194
1,67,28
2,67,55
3,67,66
4,67,59
5,67,90
6,67,5
7,67,15
8,67,25
9,67,5
10,67,126
11,67,9
13,67,5
14,67,2
15,67,10
16,67,1
17,67,98
18,67,13
19,67,42
20,67,96
21,67,17
22,67,53
23,67,55
24,67,28
25,67,157
26,67,93
27,67,53
29,67,10
30,67,23
31,67,2
32,67,41
33,67,3
34,67,5
37,67,24
38,67,109
39,67,220
40,67,135
41,67,34
42,67,79
43,67,34
44,67,100
45,67,17
46,67,32
47,67,113
48,67,33
49,67,45
50,67,49
51,67,41
52,67,52
53,67,30
54,67,4
55,67,54
56,67,5
57,67,105
58,67,6
59,67,24
60,67,141
61,67,25
62,67,29
63,67,27
65,67,99
66,67,21
1,68,10
2,68,49
3,68,43
4,68,56
5,68,11
6,68,18
7,68,109
8,68,28
9,68,27
10,68,38
11,68,44
13,68,31
14,68,4
15,68,37
16,68,8
17,68,27
18,68,31
19,68,46
20,68,54
21,68,41
22,68,35
23,68,42
24,68,23
25,68,62
26,68,5
27,68,79
29,68,33
30,68,66
31,68,6
32,68,42
33,68,5
34,68,13
37,68,60
38,68,20
39,68,18
40,68,36
41,68,21
42,68,129
43,68,18
44,68,11
45,68,217
46,68,79
47,68,19
48,68,57
49,68,13
50,68,174
51,68,13
52,68,227
53,68,67
54,68,16
55,68,76
56,68,2
57,68,10
58,68,15
59,68,14
60,68,65
61,68,8
62,68,66
63,68,141
65,68,237
66,68,183
67,68,73
1,70,327
2,70,396
3,70,313
4,70,183
5,70,147
6,70,21
7,70,43
8,70,200
9,70,5
10,70,166
11,70,8
13,70,12
14,70,2
15,70,7
16,70,1
17,70,318
18,70,7
19,70,69
20,70,350
21,70,112
22,70,292
23,70,239
24,70,194
25,70,310
26,70,105
27,70,196
29,70,20
30,70,62
31,70,12
32,70,109
33,70,2
34,70,3
37,70,17
38,70,261
39,70,375
40,70,413
41,70,506
42,70,66
43,70,543
44,70,509
45,70,47
46,70,63
47,70,215
48,70,138
49,70,493
50,70,52
51,70,453
52,70,44
53,70,83
54,70,10
55,70,72
56,70,2
57,70,414
58,70,4
59,70,153
60,70,36
61,70,306
62,70,57
63,70,91
65,70,35
66,70,16
67,70,105
68,70,26
1,71,13
2,71,3
3,71,19
4,71,24
5,71,20
6,71,90
7,71,83
8,71,32
9,71,80
10,71,29
11,71,16
13,71,193
14,71,715
15,71,173
16,71,236
17,71,5
18,71,392
19,71,29
20,71,3
21,71,28
22,71,10
23,71,9
24,71,17
25,71,14
26,71,1
27,71,15
29,71,454
30,71,53
31,71,493
32,71,26
33,71,225
34,71,131
37,71,581
38,71,20
39,71,7
40,71,16
41,71,9
42,71,44
43,71,20
44,71,8
45,71,42
46,71,20
47,71,15
48,71,24
49,71,7
50,71,16
51,71,15
52,71,62
53,71,17
54,71,67
55,71,14
56,71,46
57,71,21
58,71,1229
59,71,19
60,71,21
61,71,5
62,71,21
63,71,21
65,71,35
66,71,125
67,71,15
68,71,17
70,71,13
1,72,113
2,72,322
3,72,115
4,72,129
5,72,62
6,72,13
7,72,97
8,72,165
9,72,18
10,72,201
11,72,26
13,72,20
14,72,1
15,72,17
16,72,2
17,72,125
18,72,7
19,72,98
20,72,152
21,72,180
22,72,89
23,72,106
24,72,218
25,72,141
26,72,34
27,72,143
29,72,16
30,72,83
31,72,2
32,72,120
33,72,5
34,72,1
37,72,49
38,72,77
39,72,95
40,72,121
41,72,160
42,72,233
43,72,111
44,72,72
45,72,64
46,72,143
47,72,56
48,72,106
49,72,100
50,72,73
51,72,84
52,72,234
53,72,114
54,72,43
55,72,111
56,72,5
57,72,112
58,72,6
59,72,80
60,72,342
61,72,33
62,72,133
63,72,157
65,72,177
66,72,157
67,72,242
68,72,275
70,72,190
71,72,41
1,73,53
2,73,126
3,73,83
4,73,239
5,73,59
6,73,39
7,73,71
8,73,215
9,73,13
10,73,117
11,73,22
13,73,43
14,73,3
15,73,46
16,73,3
17,73,102
18,73,27
19,73,209
20,73,57
21,73,125
22,73,72
23,73,38
24,73,105
25,73,132
26,73,15
27,73,122
29,73,33
30,73,90
31,73,9
32,73,105
33,73,8
34,73,2
37,73,71
38,73,55
39,73,67
40,73,59
41,73,81
42,73,425
43,73,75
44,73,39
45,73,98
46,73,96
47,73,64
48,73,234
49,73,85
50,73,244
51,73,203
52,73,179
53,73,143
54,73,31
55,73,93
56,73,0
57,73,96
58,73,9
59,73,166
60,73,136
61,73,38
62,73,134
63,73,163
65,73,100
66,73,30
67,73,124
68,73,181
70,73,84
71,73,59
72,73,219
1,74,56
2,74,37
3,74,158
4,74,73
5,74,31
6,74,137
7,74,159
8,74,90
9,74,21
10,74,60
11,74,24
13,74,60
14,74,4
15,74,17
16,74,15
17,74,61
18,74,36
19,74,78
20,74,23
21,74,69
22,74,35
23,74,43
24,74,57
25,74,87
26,74,10
27,74,89
29,74,31
30,74,108
31,74,12
32,74,70
33,74,11
34,74,6
37,74,104
38,74,38
39,74,35
40,74,27
41,74,37
42,74,134
43,74,43
44,74,24
45,74,122
46,74,92
47,74,53
48,74,72
49,74,17
50,74,82
51,74,20
52,74,328
53,74,49
54,74,25
55,74,60
56,74,3
57,74,78
58,74,23
59,74,59
60,74,96
61,74,12
62,74,123
63,74,114
65,74,135
66,74,49
67,74,33
68,74,93
70,74,58
71,74,27
72,74,122
73,74,165
1,75,48
2,75,16
3,75,73
4,75,57
5,75,15
6,75,26
7,75,84
8,75,37
9,75,8
10,75,98
11,75,16
13,75,46
14,75,0
15,75,11
16,75,4
17,75,43
18,75,13
19,75,67
20,75,72
21,75,47
22,75,14
23,75,121
24,75,54
25,75,57
26,75,49
27,75,134
29,75,5
30,75,74
31,75,1
32,75,110
33,75,4
34,75,4
37,75,41
38,75,64
39,75,32
40,75,41
41,75,882
42,75,120
43,75,62
44,75,49
45,75,52
46,75,92
47,75,33
48,75,68
49,75,52
50,75,82
51,75,52
52,75,203
53,75,46
54,75,34
55,75,62
56,75,6
57,75,48
58,75,13
59,75,79
60,75,172
61,75,5
62,75,58
63,75,81
65,75,180
66,75,325
67,75,187
68,75,271
70,75,44
71,75,16
72,75,352
73,75,160
74,75,51
1,76,99
2,76,85
3,76,102
4,76,165
5,76,102
6,76,26
7,76,23
8,76,183
9,76,15
10,76,249
11,76,6
13,76,19
14,76,0
15,76,9
16,76,5
17,76,203
18,76,28
19,76,84
20,76,114
21,76,91
22,76,78
23,76,38
24,76,244
25,76,121
26,76,38
27,76,141
29,76,25
30,76,154
31,76,7
32,76,101
33,76,2
34,76,0
37,76,10
38,76,105
39,76,49
40,76,73
41,76,60
42,76,102
43,76,100
44,76,61
45,76,57
46,76,111
47,76,24
48,76,144
49,76,82
50,76,63
51,76,73
52,76,64
53,76,68
54,76,16
55,76,117
57,76,165
58,76,4
59,76,87
60,76,49
61,76,24
62,76,102
63,76,184
65,76,50
66,76,23
67,76,177
68,76,33
70,76,189
71,76,18
72,76,191
73,76,83
74,76,56
75,76,60
1,77,39
2,77,21
3,77,87
4,77,227
5,77,48
6,77,68
7,77,112
8,77,92
9,77,25
10,77,59
11,77,13
13,77,45
14,77,1
15,77,18
16,77,5
17,77,77
18,77,27
19,77,251
20,77,63
21,77,126
22,77,41
23,77,73
24,77,62
25,77,120
26,77,20
27,77,114
29,77,35
30,77,197
31,77,1
32,77,100
33,77,6
34,77,14
37,77,85
38,77,65
39,77,76
40,77,49
41,77,73
42,77,218
43,77,69
44,77,42
45,77,130
46,77,123
47,77,22
48,77,128
49,77,96
50,77,159
51,77,37
52,77,262
53,77,180
54,77,46
55,77,116
56,77,4
57,77,131
58,77,21
59,77,79
60,77,142
61,77,18
62,77,112
63,77,159
65,77,195
66,77,118
67,77,54
68,77,195
70,77,71
71,77,40
72,77,252
73,77,185
74,77,149
75,77,154
76,77,74
1,78,48
2,78,46
3,78,70
4,78,61
5,78,24
6,78,17
7,78,32
8,78,72
9,78,29
10,78,65
11,78,14
13,78,37
14,78,2
15,78,7
16,78,5
17,78,63
18,78,11
19,78,74
20,78,50
21,78,51
22,78,20
23,78,35
24,78,96
25,78,50
26,78,17
27,78,33
29,78,22
30,78,52
31,78,1
32,78,31
33,78,3
34,78,6
37,78,16
38,78,75
39,78,68
40,78,37
41,78,33
42,78,75
43,78,63
44,78,42
45,78,43
46,78,104
47,78,45
48,78,35
49,78,72
50,78,45
51,78,49
52,78,75
53,78,50
54,78,41
55,78,48
56,78,4
57,78,49
58,78,12
59,78,65
60,78,70
61,78,19
62,78,96
63,78,92
65,78,72
66,78,53
67,78,55
68,78,115
70,78,36
71,78,12
72,78,143
73,78,62
74,78,61
75,78,104
76,78,57
77,78,85
6,79,2
7,79,3
9,79,3
11,79,5
13,79,5
14,79,12
15,79,1
16,79,35
18,79,15
29,79,12
31,79,21
33,79,6
34,79,19
37,79,31
54,79,1
56,79,3
58,79,60
71,79,32
1,80,23
2,80,19
3,80,41
4,80,32
5,80,9
6,80,24
7,80,57
8,80,30
9,80,45
10,80,24
11,80,13
13,80,67
14,80,23
15,80,39
16,80,84
17,80,25
18,80,37
19,80,79
20,80,28
21,80,33
22,80,23
23,80,25
24,80,116
25,80,65
26,80,7
27,80,16
29,80,28
30,80,87
31,80,73
32,80,21
33,80,43
34,80,36
37,80,62
38,80,13
39,80,22
40,80,17
41,80,22
42,80,35
43,80,41
44,80,12
45,80,35
46,80,48
47,80,3
48,80,35
49,80,15
50,80,33
51,80,31
52,80,122
53,80,14
54,80,42
55,80,23
56,80,2
57,80,31
58,80,143
59,80,38
60,80,100
61,80,12
62,80,22
63,80,17
65,80,28
66,80,59
67,80,28
68,80,66
70,80,20
71,80,86
72,80,104
73,80,67
74,80,61
75,80,121
76,80,32
77,80,13
78,80,135
79,80,5
1,81,43
2,81,46
3,81,80
4,81,29
5,81,43
6,81,41
7,81,31
8,81,74
9,81,7
10,81,49
11,81,2
13,81,34
14,81,12
15,81,31
16,81,25
17,81,66
18,81,12
19,81,15
20,81,32
21,81,60
22,81,31
23,81,32
24,81,72
25,81,84
26,81,22
27,81,30
29,81,15
30,81,103
31,81,33
32,81,44
33,81,19
34,81,6
37,81,19
38,81,50
39,81,65
40,81,37
41,81,24
42,81,30
43,81,69
44,81,61
45,81,29
46,81,17
47,81,19
48,81,32
49,81,63
50,81,23
51,81,23
52,81,54
53,81,14
54,81,31
55,81,23
56,81,13
57,81,41
58,81,19
59,81,41
60,81,64
61,81,13
62,81,36
63,81,45
65,81,53
66,81,51
67,81,38
68,81,42
70,81,56
71,81,19
72,81,30
73,81,47
74,81,37
75,81,123
76,81,49
77,81,98
78,81,27
80,81,10
1,82,1023
2,82,202
3,82,199
4,82,224
5,82,305
6,82,32
7,82,56
8,82,99
9,82,8
10,82,103
11,82,14
13,82,23
14,82,4
15,82,15
17,82,202
18,82,12
19,82,202
20,82,176
21,82,101
22,82,264
23,82,126
24,82,391
25,82,212
26,82,97
27,82,418
29,82,23
30,82,102
31,82,3
32,82,325
33,82,6
34,82,5
37,82,37
38,82,244
39,82,296
40,82,346
41,82,83
42,82,380
43,82,960
44,82,159
45,82,116
46,82,108
47,82,167
48,82,332
49,82,188
50,82,104
51,82,354
52,82,103
53,82,136
54,82,41
55,82,84
56,82,2
57,82,239
58,82,19
59,82,324
60,82,80
61,82,201
62,82,81
63,82,151
65,82,38
66,82,36
67,82,26
68,82,11
70,82,264
71,82,17
72,82,265
73,82,286
74,82,54
75,82,65
76,82,210
77,82,43
78,82,30
80,82,38
81,82,35
1,83,103
2,83,28
3,83,106
4,83,172
5,83,17
6,83,217
7,83,398
8,83,109
9,83,83
10,83,70
11,83,121
13,83,268
14,83,4
15,83,65
16,83,14
17,83,43
18,83,68
19,83,217
20,83,63
21,83,164
22,83,37
23,83,37
24,83,114
25,83,116
26,83,36
27,83,79
29,83,83
30,83,171
31,83,10
32,83,108
33,83,8
34,83,28
37,83,246
38,83,79
39,83,69
40,83,57
41,83,38
42,83,126
43,83,86
44,83,47
45,83,404
46,83,178
47,83,31
48,83,81
49,83,33
50,83,106
51,83,57
52,83,300
53,83,98
54,83,137
55,83,304
56,83,34
57,83,66
58,83,63
59,83,58
60,83,131
61,83,28
62,83,326
63,83,156
65,83,207
66,83,142
67,83,28
68,83,81
70,83,49
71,83,44
72,83,155
73,83,109
74,83,103
75,83,51
76,83,73
77,83,187
78,83,54
80,83,52
81,83,41
82,83,333
6,84,13
7,84,40
8,84,4
9,84,105
11,84,5
13,84,246
14,84,523
15,84,113
16,84,413
18,84,312
29,84,420
31,84,616
33,84,307
34,84,124
37,84,196
45,84,4
49,84,0
54,84,65
55,84,1
56,84,97
58,84,860
62,84,2
66,84,177
68,84,1
71,84,198
79,84,20
80,84,57
81,84,16
1,85,15
2,85,10
3,85,69
4,85,15
5,85,7
6,85,63
7,85,97
8,85,19
9,85,91
10,85,26
11,85,12
13,85,241
14,85,309
15,85,131
16,85,518
17,85,12
18,85,211
19,85,30
20,85,25
21,85,31
22,85,6
23,85,5
24,85,19
25,85,26
26,85,2
27,85,17
29,85,213
30,85,46
31,85,436
32,85,16
33,85,602
34,85,137
37,85,258
38,85,24
39,85,13
40,85,12
41,85,6
42,85,21
43,85,24
44,85,13
45,85,42
46,85,17
47,85,13
48,85,20
49,85,17
50,85,20
51,85,11
52,85,49
53,85,27
54,85,72
55,85,23
56,85,111
57,85,23
58,85,542
59,85,14
60,85,8
61,85,10
62,85,35
63,85,19
65,85,27
66,85,244
67,85,35
68,85,60
70,85,7
71,85,633
72,85,26
73,85,25
74,85,45
75,85,11
76,85,17
77,85,26
78,85,10
79,85,1
80,85,70
81,85,34
82,85,12
83,85,29
84,85,477
1,86,3
2,86,10
3,86,37
4,86,15
5,86,0
6,86,150
7,86,90
8,86,27
9,86,84
10,86,17
11,86,65
13,86,292
14,86,168
15,86,100
16,86,366
17,86,4
18,86,136
19,86,19
20,86,4
21,86,16
22,86,1
23,86,3
24,86,17
25,86,24
26,86,5
27,86,22
29,86,219
30,86,48
31,86,376
32,86,4
33,86,327
34,86,91
37,86,218
38,86,13
39,86,2
40,86,5
41,86,6
42,86,16
43,86,13
44,86,3
45,86,38
46,86,26
48,86,9
49,86,6
50,86,22
51,86,7
52,86,51
53,86,14
54,86,75
55,86,24
56,86,123
57,86,10
58,86,315
59,86,12
60,86,6
61,86,1
62,86,12
63,86,35
65,86,40
66,86,151
67,86,10
68,86,12
70,86,5
71,86,802
72,86,20
73,86,23
74,86,18
75,86,24
76,86,16
77,86,11
78,86,16
79,86,8
80,86,28
81,86,15
82,86,19
83,86,37
84,86,403
85,86,296
1,87,4
2,87,5
3,87,43
4,87,63
5,87,4
6,87,78
7,87,77
8,87,19
9,87,20
10,87,44
11,87,47
13,87,101
14,87,41
15,87,82
16,87,36
17,87,9
18,87,86
19,87,53
20,87,7
21,87,28
22,87,7
23,87,4
24,87,9
25,87,27
26,87,0
27,87,29
29,87,118
30,87,88
31,87,46
32,87,22
33,87,15
34,87,24
37,87,105
38,87,4
39,87,20
40,87,12
41,87,9
42,87,35
43,87,6
44,87,9
45,87,56
46,87,20
47,87,11
48,87,13
49,87,4
50,87,14
51,87,7
52,87,66
53,87,21
54,87,50
55,87,26
56,87,14
57,87,19
58,87,140
59,87,26
60,87,28
61,87,3
62,87,47
63,87,41
65,87,18
66,87,108
67,87,7
68,87,8
70,87,9
71,87,22
72,87,94
73,87,22
74,87,54
75,87,9
76,87,39
77,87,153
78,87,21
80,87,19
81,87,6
82,87,9
83,87,63
84,87,15
85,87,32
86,87,75
1,88,651
2,88,696
3,88,114
4,88,107
5,88,162
6,88,12
7,88,52
8,88,149
9,88,3
10,88,217
11,88,12
13,88,11
14,88,2
15,88,3
16,88,0
17,88,246
18,88,8
19,88,99
20,88,216
21,88,160
22,88,331
23,88,592
24,88,162
25,88,178
26,88,178
27,88,215
29,88,8
30,88,42
31,88,2
32,88,114
33,88,2
34,88,1
37,88,16
38,88,792
39,88,789
40,88,933
41,88,304
42,88,95
43,88,908
44,88,363
45,88,43
46,88,137
47,88,345
48,88,136
49,88,449
50,88,51
51,88,702
52,88,30
53,88,100
54,88,20
55,88,51
56,88,2
57,88,255
58,88,5
59,88,155
60,88,172
61,88,366
62,88,124
63,88,110
65,88,78
66,88,29
67,88,216
68,88,54
70,88,440
71,88,14
72,88,183
73,88,129
74,88,50
75,88,78
76,88,106
77,88,143
78,88,96
80,88,40
81,88,55
82,88,351
83,88,56
85,88,9
86,88,7
87,88,16
1,89,103
2,89,224
3,89,151
4,89,210
5,89,59
6,89,27
7,89,69
8,89,407
9,89,17
10,89,316
11,89,24
13,89,28
14,89,9
15,89,12
16,89,5
17,89,94
18,89,26
19,89,181
20,89,79
21,89,231
22,89,124
23,89,58
24,89,130
25,89,149
26,89,99
27,89,302
29,89,32
30,89,109
31,89,4
32,89,111
33,89,2
34,89,7
37,89,45
38,89,135
39,89,141
40,89,479
41,89,124
42,89,363
43,89,247
44,89,59
45,89,79
46,89,225
47,89,104
48,89,251
49,89,104
50,89,78
51,89,206
52,89,148
53,89,125
54,89,27
55,89,131
56,89,4
57,89,84
58,89,10
59,89,123
60,89,176
61,89,40
62,89,237
63,89,126
65,89,218
66,89,40
67,89,132
68,89,99
70,89,130
71,89,16
72,89,367
73,89,336
74,89,103
75,89,332
76,89,161
77,89,109
78,89,114
80,89,197
81,89,58
82,89,80
83,89,319
85,89,24
86,89,13
87,89,84
88,89,244
1,90,453
2,90,153
3,90,111
4,90,196
5,90,252
6,90,17
7,90,67
8,90,104
9,90,3
10,90,107
11,90,12
13,90,19
15,90,4
16,90,2
17,90,230
18,90,13
19,90,238
20,90,201
21,90,34
22,90,303
23,90,157
24,90,519
25,90,213
26,90,124
27,90,461
29,90,9
30,90,131
31,90,0
32,90,285
34,90,2
37,90,29
38,90,369
39,90,291
40,90,590
41,90,151
42,90,73
43,90,814
44,90,269
45,90,65
46,90,57
47,90,83
48,90,360
49,90,165
50,90,125
51,90,484
52,90,62
53,90,126
54,90,19
55,90,48
56,90,7
57,90,356
58,90,20
59,90,234
60,90,49
61,90,248
62,90,103
63,90,86
65,90,22
66,90,12
67,90,28
68,90,17
70,90,236
71,90,12
72,90,83
73,90,98
74,90,58
75,90,47
76,90,92
77,90,56
78,90,38
80,90,11
81,90,31
82,90,440
83,90,63
85,90,16
86,90,5
87,90,10
88,90,271
89,90,140
1,91,7
2,91,3
3,91,17
4,91,11
5,91,5
6,91,29
7,91,109
8,91,18
9,91,107
10,91,15
11,91,24
13,91,340
14,91,292
15,91,127
16,91,579
17,91,3
18,91,323
19,91,15
20,91,15
21,91,19
22,91,5
23,91,0
24,91,12
25,91,17
26,91,8
27,91,12
29,91,281
30,91,37
31,91,711
32,91,5
33,91,570
34,91,188
37,91,324
38,91,13
39,91,1
40,91,4
41,91,1
42,91,22
43,91,8
44,91,8
45,91,28
46,91,7
47,91,4
48,91,9
49,91,4
50,91,9
51,91,8
52,91,31
53,91,6
54,91,119
55,91,12
56,91,236
57,91,12
58,91,676
59,91,19
60,91,4
61,91,1
62,91,16
63,91,22
65,91,15
66,91,231
67,91,3
68,91,21
70,91,7
71,91,1165
72,91,6
73,91,32
74,91,9
75,91,3
76,91,11
77,91,9
78,91,11
79,91,31
80,91,63
81,91,34
82,91,15
83,91,17
84,91,698
85,91,442
86,91,360
87,91,73
88,91,6
89,91,11
90,91,15
1,92,384
2,92,330
3,92,183
4,92,309
5,92,178
6,92,20
7,92,50
8,92,90
9,92,5
10,92,372
11,92,7
13,92,13
14,92,4
15,92,6
16,92,0
17,92,284
18,92,9
19,92,60
20,92,222
21,92,133
22,92,288
23,92,197
24,92,220
25,92,217
26,92,299
27,92,236
29,92,16
30,92,93
31,92,1
32,92,181
33,92,5
34,92,3
37,92,21
38,92,301
39,92,323
40,92,406
41,92,391
42,92,76
43,92,148
44,92,330
45,92,20
46,92,81
47,92,237
48,92,140
49,92,280
50,92,55
51,92,407
52,92,50
53,92,78
54,92,10
55,92,68
56,92,2
57,92,189
58,92,3
59,92,159
60,92,255
61,92,379
62,92,97
63,92,154
65,92,13
66,92,6
67,92,121
68,92,50
70,92,623
71,92,10
72,92,240
73,92,109
74,92,44
75,92,144
76,92,193
77,92,54
78,92,64
80,92,27
81,92,109
82,92,136
83,92,87
85,92,4
86,92,5
87,92,9
88,92,341
89,92,215
90,92,170
91,92,4
1,93,129
2,93,226
3,93,107
4,93,86
5,93,281
6,93,20
7,93,39
8,93,116
9,93,16
10,93,349
11,93,8
13,93,30
14,93,4
15,93,11
17,93,283
18,93,5
19,93,94
20,93,151
21,93,76
22,93,502
23,93,108
24,93,155
25,93,144
26,93,161
27,93,319
29,93,7
30,93,44
31,93,2
32,93,183
33,93,7
34,93,4
37,93,55
38,93,155
39,93,447
40,93,483
41,93,438
42,93,79
43,93,316
44,93,256
45,93,49
46,93,57
47,93,143
48,93,138
49,93,241
50,93,93
51,93,575
52,93,46
53,93,113
54,93,33
55,93,52
57,93,141
58,93,9
59,93,126
60,93,121
61,93,467
62,93,60
63,93,238
65,93,41
66,93,30
67,93,84
68,93,63
70,93,400
71,93,6
72,93,190
73,93,139
74,93,40
75,93,96
76,93,121
77,93,37
78,93,45
80,93,14
81,93,58
82,93,250
83,93,57
85,93,6
86,93,8
87,93,8
88,93,315
89,93,165
90,93,344
91,93,6
92,93,422
1,94,19
2,94,3
3,94,97
4,94,36
5,94,14
6,94,121
7,94,205
8,94,49
9,94,120
10,94,50
11,94,44
13,94,478
14,94,645
15,94,202
16,94,892
17,94,12
18,94,368
19,94,75
20,94,20
21,94,60
22,94,16
23,94,16
24,94,33
25,94,30
26,94,2
27,94,29
29,94,401
30,94,124
31,94,1009
32,94,26
33,94,864
34,94,226
37,94,435
38,94,17
39,94,14
40,94,14
41,94,5
42,94,41
43,94,15
44,94,11
45,94,104
46,94,69
47,94,5
48,94,43
49,94,14
50,94,24
51,94,11
52,94,75
53,94,32
54,94,232
55,94,56
56,94,240
57,94,33
58,94,884
59,94,30
60,94,23
61,94,7
62,94,80
63,94,51
65,94,57
66,94,254
67,94,16
68,94,45
70,94,14
71,94,1204
72,94,21
73,94,50
74,94,54
75,94,24
76,94,42
77,94,62
78,94,15
79,94,57
80,94,103
81,94,26
82,94,19
83,94,104
84,94,1094
85,94,596
86,94,336
87,94,124
88,94,6
89,94,48
90,94,30
91,94,699
92,94,22
93,94,14
1,96,9
2,96,11
3,96,19
4,96,48
5,96,0
6,96,51
7,96,153
8,96,21
9,96,99
10,96,6
11,96,30
13,96,694
14,96,154
15,96,74
16,96,202
17,96,6
18,96,205
19,96,28
20,96,3
21,96,24
22,96,4
23,96,13
24,96,22
25,96,17
26,96,0
27,96,8
29,96,232
30,96,27
31,96,228
32,96,5
33,96,153
34,96,71
37,96,336
38,96,3
39,96,8
40,96,8
41,96,5
42,96,42
43,96,8
44,96,3
45,96,43
46,96,62
47,96,9
48,96,11
49,96,6
50,96,13
51,96,6
52,96,85
53,96,13
54,96,162
55,96,32
56,96,51
57,96,10
58,96,273
59,96,14
60,96,9
61,96,1
62,96,7
63,96,44
65,96,189
66,96,127
67,96,6
68,96,60
70,96,3
71,96,181
72,96,23
73,96,48
74,96,171
75,96,12
76,96,4
77,96,46
78,96,18
79,96,100
80,96,73
81,96,10
82,96,7
83,96,47
84,96,167
85,96,194
86,96,165
87,96,64
88,96,6
89,96,21
90,96,13
91,96,289
92,96,17
93,96,17
94,96,369
1,97,288
2,97,499
3,97,106
4,97,127
5,97,214
6,97,31
7,97,38
8,97,51
9,97,5
10,97,196
11,97,15
13,97,76
14,97,0
15,97,6
16,97,1
17,97,246
18,97,13
19,97,179
20,97,281
21,97,299
22,97,104
23,97,197
24,97,201
25,97,161
26,97,198
27,97,606
29,97,24
30,97,158
31,97,1
32,97,235
33,97,0
34,97,5
37,97,27
38,97,171
39,97,192
40,97,232
41,97,182
42,97,271
43,97,147
44,97,248
45,97,35
46,97,101
47,97,183
48,97,128
49,97,135
50,97,89
51,97,148
52,97,92
53,97,108
54,97,25
55,97,88
57,97,439
58,97,12
59,97,165
60,97,140
61,97,132
62,97,104
63,97,184
65,97,53
66,97,30
67,97,203
68,97,33
70,97,167
71,97,8
72,97,215
73,97,177
74,97,60
75,97,208
76,97,137
77,97,140
78,97,93
80,97,39
81,97,31
82,97,242
83,97,80
85,97,20
86,97,16
87,97,48
88,97,274
89,97,178
90,97,261
91,97,6
92,97,484
93,97,227
94,97,21
96,97,5
1,98,227
2,98,107
3,98,245
4,98,264
5,98,200
6,98,31
7,98,105
8,98,353
9,98,17
10,98,283
11,98,37
13,98,51
14,98,1
15,98,22
16,98,2
17,98,92
18,98,22
19,98,247
20,98,116
21,98,179
22,98,122
23,98,90
24,98,224
25,98,251
26,98,102
27,98,323
29,98,31
30,98,222
31,98,5
32,98,99
33,98,1
34,98,6
37,98,51
38,98,107
39,98,111
40,98,124
41,98,90
42,98,253
43,98,235
44,98,122
45,98,95
46,98,152
47,98,186
48,98,237
49,98,75
50,98,166
51,98,143
52,98,252
53,98,217
54,98,73
55,98,216
56,98,2
57,98,217
58,98,7
59,98,218
60,98,117
61,98,92
62,98,219
63,98,183
65,98,231
66,98,49
67,98,172
68,98,59
70,98,135
71,98,23
72,98,175
73,98,333
74,98,283
75,98,112
76,98,112
77,98,279
78,98,250
80,98,133
81,98,54
82,98,305
83,98,230
85,98,10
86,98,10
87,98,39
88,98,202
89,98,257
90,98,244
91,98,15
92,98,158
93,98,138
94,98,21
96,98,29
97,98,318
1,100,258
2,100,27
3,100,104
4,100,126
5,100,101
6,100,14
7,100,32
8,100,282
9,100,21
10,100,97
11,100,11
13,100,22
14,100,1
15,100,14
17,100,97
18,100,15
19,100,121
20,100,137
21,100,116
22,100,153
23,100,106
24,100,101
25,100,228
26,100,98
27,100,194
29,100,24
30,100,102
31,100,2
32,100,130
33,100,1
34,100,0
37,100,23
38,100,236
39,100,191
40,100,279
41,100,115
42,100,75
43,100,363
44,100,146
45,100,55
46,100,205
47,100,86
48,100,201
49,100,86
50,100,80
51,100,209
52,100,37
53,100,118
54,100,45
55,100,57
56,100,2
57,100,226
58,100,12
59,100,273
60,100,98
61,100,58
62,100,72
63,100,129
65,100,34
66,100,46
67,100,29
68,100,12
70,100,366
71,100,8
72,100,76
73,100,113
74,100,30
75,100,41
76,100,104
77,100,56
78,100,27
80,100,42
81,100,64
82,100,204
83,100,59
85,100,7
86,100,8
87,100,20
88,100,147
89,100,98
90,100,215
91,100,6
92,100,84
93,100,182
94,100,16
96,100,2
97,100,59
98,100,205
1,101,689
2,101,253
3,101,158
4,101,128
5,101,302
6,101,25
7,101,31
8,101,95
9,101,0
10,101,113
11,101,8
13,101,23
14,101,1
15,101,6
16,101,0
17,101,374
18,101,7
19,101,101
20,101,117
21,101,61
22,101,959
23,101,217
24,101,299
25,101,199
26,101,186
27,101,239
29,101,8
30,101,48
32,101,148
33,101,4
34,101,1
37,101,8
38,101,490
39,101,852
40,101,554
41,101,419
42,101,45
43,101,828
44,101,370
45,101,75
46,101,56
47,101,103
48,101,140
49,101,524
50,101,30
51,101,777
52,101,22
53,101,87
54,101,23
55,101,53
56,101,7
57,101,414
58,101,10
59,101,115
60,101,111
61,101,548
62,101,34
63,101,46
65,101,14
66,101,15
67,101,49
68,101,23
70,101,413
71,101,18
72,101,66
73,101,88
74,101,34
75,101,30
76,101,64
77,101,35
78,101,47
80,101,17
81,101,25
82,101,436
83,101,47
85,101,14
86,101,5
87,101,13
88,101,375
89,101,95
90,101,387
91,101,4
92,101,321
93,101,192
94,101,18
96,101,5
97,101,193
98,101,265
100,101,200
1,102,69
2,102,41
3,102,88
4,102,122
5,102,82
6,102,5
7,102,54
8,102,40
9,102,9
10,102,229
11,102,7
13,102,12
14,102,0
15,102,12
16,102,9
17,102,65
18,102,19
19,102,121
20,102,125
21,102,201
22,102,81
23,102,74
24,102,75
25,102,80
26,102,87
27,102,97
29,102,24
30,102,94
31,102,7
32,102,78
33,102,2
34,102,7
37,102,33
38,102,36
39,102,66
40,102,63
41,102,78
42,102,114
43,102,132
44,102,55
45,102,47
46,102,59
47,102,54
48,102,63
49,102,98
50,102,75
51,102,65
52,102,108
53,102,74
54,102,32
55,102,144
56,102,1
57,102,171
58,102,8
59,102,70
60,102,70
61,102,55
62,102,230
63,102,77
65,102,27
66,102,20
67,102,32
68,102,34
70,102,133
71,102,5
72,102,221
73,102,53
74,102,54
75,102,68
76,102,139
77,102,25
78,102,70
80,102,22
81,102,35
82,102,53
83,102,105
85,102,22
86,102,12
87,102,10
88,102,98
89,102,94
90,102,50
91,102,14
92,102,152
93,102,146
94,102,28
96,102,8
97,102,144
98,102,138
100,102,58
101,102,84
1,103,138
2,103,353
3,103,75
4,103,154
5,103,70
6,103,7
7,103,90
8,103,38
9,103,7
10,103,49
11,103,1
13,103,3
14,103,3
15,103,3
16,103,1
17,103,172
18,103,5
19,103,41
20,103,77
21,103,59
22,103,164
23,103,133
24,103,109
25,103,65
26,103,111
27,103,52
29,103,4
30,103,32
31,103,4
32,103,43
33,103,1
37,103,12
38,103,231
39,103,166
40,103,106
41,103,146
42,103,139
43,103,213
44,103,531
45,103,22
46,103,58
47,103,494
48,103,98
49,103,180
50,103,34
51,103,103
52,103,84
53,103,29
54,103,11
55,103,30
57,103,180
59,103,127
60,103,29
61,103,119
62,103,36
63,103,41
65,103,8
66,103,9
67,103,68
68,103,14
70,103,389
71,103,6
72,103,44
73,103,39
74,103,14
75,103,37
76,103,47
77,103,10
78,103,44
80,103,22
81,103,16
82,103,133
83,103,34
85,103,11
86,103,4
87,103,8
88,103,163
89,103,48
90,103,143
91,103,1
92,103,441
93,103,278
94,103,6
96,103,4
97,103,73
98,103,76
100,103,62
101,103,273
102,103,32
1,104,578
2,104,217
3,104,114
4,104,168
5,104,136
6,104,33
7,104,46
8,104,141
9,104,4
10,104,174
11,104,11
13,104,25
14,104,2
15,104,20
16,104,4
17,104,263
18,104,26
19,104,194
20,104,162
21,104,170
22,104,356
23,104,176
24,104,148
25,104,177
26,104,153
27,104,356
29,104,21
30,104,94
31,104,1
32,104,182
33,104,2
34,104,2
37,104,43
38,104,368
39,104,430
40,104,376
41,104,255
42,104,185
43,104,413
44,104,428
45,104,28
46,104,105
47,104,186
48,104,218
49,104,237
50,104,86
51,104,382
52,104,108
53,104,117
54,104,18
55,104,109
56,104,2
57,104,332
58,104,14
59,104,413
60,104,202
61,104,145
62,104,110
63,104,121
65,104,26
66,104,25
67,104,31
68,104,47
70,104,514
71,104,20
72,104,152
73,104,113
74,104,91
75,104,73
76,104,155
77,104,66
78,104,49
80,104,18
81,104,34
82,104,411
83,104,103
85,104,17
86,104,11
87,104,9
88,104,282
89,104,164
90,104,464
91,104,3
92,104,273
93,104,170
94,104,30
96,104,8
97,104,513
98,104,215
100,104,99
101,104,317
102,104,82
103,104,95
1,105,177
2,105,151
3,105,82
4,105,127
5,105,158
6,105,16
7,105,31
8,105,107
9,105,5
10,105,385
11,105,13
13,105,23
14,105,2
15,105,6
16,105,8
17,105,76
18,105,18
19,105,118
20,105,115
21,105,76
22,105,148
23,105,202
24,105,144
25,105,110
26,105,80
27,105,139
29,105,19
30,105,81
32,105,117
33,105,0
34,105,6
37,105,24
38,105,138
39,105,433
40,105,182
41,105,135
42,105,132
43,105,184
44,105,196
45,105,30
46,105,94
47,105,82
48,105,73
49,105,165
50,105,75
51,105,79
52,105,73
53,105,61
54,105,17
55,105,61
56,105,1
57,105,268
58,105,19
59,105,143
60,105,43
61,105,340
62,105,86
63,105,87
65,105,48
66,105,25
67,105,58
68,105,37
70,105,272
71,105,16
72,105,91
73,105,53
74,105,47
75,105,43
76,105,111
77,105,106
78,105,45
80,105,13
81,105,30
82,105,178
83,105,33
85,105,23
86,105,10
87,105,13
88,105,230
89,105,165
90,105,186
91,105,6
92,105,247
93,105,324
94,105,28
96,105,18
97,105,153
98,105,160
100,105,105
101,105,183
102,105,110
103,105,59
104,105,144
1,106,777
2,106,66
3,106,47
4,106,64
5,106,224
6,106,7
7,106,13
8,106,170
9,106,2
10,106,62
11,106,10
13,106,9
14,106,4
15,106,4
16,106,6
17,106,102
18,106,17
19,106,42
20,106,58
21,106,32
22,106,151
23,106,142
24,106,274
25,106,32
26,106,101
27,106,138
29,106,12
30,106,20
31,106,2
32,106,50
34,106,0
37,106,9
38,106,189
39,106,225
40,106,253
41,106,82
42,106,33
43,106,708
44,106,150
45,106,17
46,106,15
47,106,55
48,106,216
49,106,59
50,106,39
51,106,1135
52,106,19
53,106,95
54,106,10
55,106,22
56,106,3
57,106,155
58,106,2
59,106,103
60,106,38
61,106,262
62,106,25
63,106,83
65,106,4
66,106,22
67,106,2
68,106,17
70,106,148
71,106,8
72,106,57
73,106,29
74,106,102
75,106,26
76,106,41
77,106,22
78,106,33
80,106,17
81,106,6
82,106,236
83,106,20
85,106,9
86,106,9
87,106,17
88,106,531
89,106,34
90,106,282
91,106,14
92,106,55
93,106,136
94,106,11
96,106,4
97,106,105
98,106,130
100,106,374
101,106,358
102,106,27
103,106,79
104,106,117
105,106,48
1,107,83
2,107,24
3,107,88
4,107,154
5,107,13
6,107,117
7,107,330
8,107,71
9,107,152
10,107,43
11,107,170
13,107,381
14,107,75
15,107,240
16,107,111
17,107,15
18,107,173
19,107,67
20,107,14
21,107,53
22,107,20
23,107,30
24,107,33
25,107,66
26,107,14
27,107,42
29,107,205
30,107,71
31,107,143
32,107,14
33,107,219
34,107,93
37,107,261
38,107,20
39,107,20
40,107,37
41,107,11
42,107,59
43,107,49
44,107,13
45,107,126
46,107,128
47,107,10
48,107,36
49,107,17
50,107,54
51,107,23
52,107,162
53,107,52
54,107,159
55,107,102
56,107,30
57,107,35
58,107,192
59,107,39
60,107,30
61,107,3
62,107,91
63,107,89
65,107,160
66,107,173
67,107,20
68,107,44
70,107,41
71,107,100
72,107,35
73,107,55
74,107,63
75,107,37
76,107,40
77,107,69
78,107,84
79,107,51
80,107,56
81,107,18
82,107,26
83,107,190
84,107,97
85,107,130
86,107,118
87,107,122
88,107,15
89,107,71
90,107,21
91,107,159
92,107,27
93,107,33
94,107,292
96,107,218
97,107,30
98,107,56
100,107,21
101,107,31
102,107,44
103,107,20
104,107,62
105,107,73
106,107,13
1,108,559
2,108,714
3,108,200
4,108,258
5,108,130
6,108,23
7,108,83
8,108,107
9,108,18
10,108,128
11,108,18
13,108,60
14,108,3
15,108,21
16,108,1
17,108,558
18,108,39
19,108,132
20,108,170
21,108,153
22,108,463
23,108,517
24,108,342
25,108,167
26,108,326
27,108,334
29,108,29
30,108,99
31,108,4
32,108,212
33,108,0
34,108,8
37,108,28
38,108,487
39,108,543
40,108,317
41,108,518
42,108,131
43,108,357
44,108,858
45,108,34
46,108,143
47,108,405
48,108,201
49,108,644
50,108,73
51,108,379
52,108,85
53,108,140
54,108,25
55,108,88
57,108,310
58,108,10
59,108,226
60,108,102
61,108,648
62,108,54
63,108,97
65,108,37
66,108,32
67,108,55
68,108,25
70,108,536
71,108,16
72,108,215
73,108,83
74,108,66
75,108,74
76,108,136
77,108,59
78,108,64
80,108,36
81,108,81
82,108,321
83,108,59
85,108,25
86,108,13
87,108,29
88,108,487
89,108,295
90,108,311
91,108,5
92,108,552
93,108,455
94,108,42
96,108,24
97,108,469
98,108,432
100,108,224
101,108,383
102,108,130
103,108,458
104,108,468
105,108,288
106,108,132
107,108,78
1,109,471
2,109,88
3,109,52
4,109,172
5,109,227
6,109,12
7,109,35
8,109,132
9,109,2
10,109,256
11,109,9
13,109,17
14,109,0
15,109,4
16,109,5
17,109,207
18,109,8
19,109,140
20,109,216
21,109,73
22,109,323
23,109,67
24,109,308
25,109,180
26,109,30
27,109,386
29,109,9
30,109,71
31,109,0
32,109,226
33,109,2
34,109,1
37,109,13
38,109,352
39,109,267
40,109,1021
41,109,187
42,109,199
43,109,1041
44,109,147
45,109,23
46,109,48
47,109,46
48,109,487
49,109,162
50,109,75
51,109,388
52,109,15
53,109,116
54,109,11
55,109,55
57,109,125
58,109,3
59,109,336
60,109,11
61,109,125
62,109,42
63,109,132
65,109,29
66,109,22
67,109,22
68,109,17
70,109,120
71,109,16
72,109,49
73,109,77
74,109,45
75,109,25
76,109,86
77,109,20
78,109,11
80,109,3
81,109,11
82,109,407
83,109,43
85,109,18
86,109,1
87,109,6
88,109,152
89,109,114
90,109,432
91,109,9
92,109,159
93,109,110
94,109,18
96,109,5
97,109,108
98,109,129
100,109,134
101,109,420
102,109,46
103,109,35
104,109,332
105,109,86
106,109,795
107,109,21
108,109,343
1,110,150
2,110,386
3,110,144
4,110,174
5,110,161
6,110,27
7,110,60
8,110,79
9,110,9
10,110,215
11,110,10
13,110,40
14,110,3
15,110,15
16,110,2
17,110,379
18,110,7
19,110,195
20,110,172
21,110,141
22,110,162
23,110,231
24,110,242
25,110,126
26,110,149
27,110,257
29,110,18
30,110,79
31,110,11
32,110,307
33,110,6
34,110,4
37,110,44
38,110,470
39,110,292
40,110,324
41,110,604
42,110,295
43,110,263
44,110,212
45,110,70
46,110,96
47,110,327
48,110,142
49,110,234
50,110,113
51,110,132
52,110,83
53,110,64
54,110,31
55,110,126
56,110,2
57,110,271
58,110,7
59,110,301
60,110,235
61,110,95
62,110,81
63,110,103
65,110,92
66,110,49
67,110,110
68,110,125
70,110,259
71,110,13
72,110,436
73,110,192
74,110,76
75,110,221
76,110,99
77,110,193
78,110,53
80,110,33
81,110,74
82,110,157
83,110,107
85,110,24
86,110,8
87,110,26
88,110,348
89,110,501
90,110,108
91,110,7
92,110,373
93,110,116
94,110,20
96,110,20
97,110,746
98,110,162
100,110,137
101,110,207
102,110,154
103,110,107
104,110,222
105,110,280
106,110,122
107,110,25
108,110,314
109,110,107
1,111,14
2,111,7
3,111,39
4,111,22
5,111,11
6,111,48
7,111,106
8,111,16
9,111,70
10,111,32
11,111,9
13,111,233
14,111,177
15,111,90
16,111,366
17,111,17
18,111,135
19,111,24
20,111,11
21,111,14
22,111,9
23,111,14
24,111,8
25,111,17
26,111,1
27,111,13
29,111,205
30,111,41
31,111,352
32,111,24
33,111,317
34,111,114
37,111,280
38,111,6
39,111,8
40,111,9
41,111,7
42,111,12
43,111,12
44,111,10
45,111,19
46,111,32
47,111,7
48,111,17
49,111,6
50,111,24
51,111,9
52,111,44
53,111,23
54,111,95
55,111,24
56,111,87
57,111,25
58,111,421
59,111,30
60,111,7
61,111,10
62,111,26
63,111,14
65,111,18
66,111,245
67,111,18
68,111,12
70,111,8
71,111,273
72,111,5
73,111,12
74,111,18
75,111,6
76,111,13
77,111,28
78,111,8
79,111,69
80,111,78
81,111,21
82,111,12
83,111,20
84,111,226
85,111,289
86,111,185
87,111,34
88,111,7
89,111,8
90,111,20
91,111,392
92,111,18
93,111,11
94,111,391
96,111,258
97,111,19
98,111,13
100,111,3
101,111,24
102,111,19
103,111,2
104,111,10
105,111,9
106,111,10
107,111,184
108,111,24
109,111,14
110,111,6
1,112,86
2,112,113
3,112,159
4,112,205
5,112,23
6,112,29
7,112,87
8,112,352
9,112,28
10,112,177
11,112,24
13,112,50
14,112,4
15,112,15
16,112,3
17,112,45
18,112,20
19,112,306
20,112,95
21,112,296
22,112,74
23,112,83
24,112,239
25,112,261
26,112,21
27,112,136
29,112,24
30,112,80
31,112,13
32,112,192
33,112,4
34,112,7
37,112,64
38,112,123
39,112,79
40,112,131
41,112,41
42,112,264
43,112,260
44,112,46
45,112,222
46,112,133
47,112,17
48,112,161
49,112,32
50,112,122
51,112,55
52,112,206
53,112,198
54,112,47
55,112,172
56,112,2
57,112,53
58,112,18
59,112,229
60,112,109
61,112,30
62,112,179
63,112,207
65,112,55
66,112,39
67,112,20
68,112,83
70,112,69
71,112,21
72,112,165
73,112,93
74,112,69
75,112,63
76,112,98
77,112,127
78,112,60
80,112,38
81,112,30
82,112,163
83,112,122
84,112,6
85,112,29
86,112,17
87,112,28
88,112,97
89,112,135
90,112,101
91,112,36
92,112,109
93,112,59
94,112,60
96,112,27
97,112,207
98,112,237
100,112,204
101,112,60
102,112,108
103,112,57
104,112,175
105,112,82
106,112,35
107,112,48
108,112,122
109,112,145
110,112,154
111,112,23
1,113,468
2,113,411
3,113,75
4,113,114
5,113,140
6,113,14
7,113,122
8,113,73
9,113,3
10,113,100
11,113,6
13,113,12
14,113,1
15,113,4
16,113,1
17,113,308
18,113,12
19,113,115
20,113,185
21,113,97
22,113,233
23,113,490
24,113,565
25,113,165
26,113,183
27,113,188
29,113,19
30,113,59
31,113,3
32,113,230
34,113,7
37,113,14
38,113,99
39,113,190
40,113,253
41,113,331
42,113,105
43,113,329
44,113,383
45,113,20
46,113,123
47,113,268
48,113,172
49,113,183
50,113,50
51,113,225
52,113,30
53,113,88
54,113,23
55,113,45
56,113,5
57,113,287
58,113,6
59,113,159
60,113,167
61,113,185
62,113,67
63,113,52
65,113,17
66,113,9
67,113,94
68,113,11
70,113,338
71,113,11
72,113,185
73,113,169
74,113,47
75,113,68
76,113,96
77,113,56
78,113,50
80,113,75
81,113,54
82,113,355
83,113,45
85,113,12
86,113,9
87,113,7
88,113,386
89,113,76
90,113,465
91,113,6
92,113,424
93,113,279
94,113,18
96,113,10
97,113,252
98,113,158
100,113,245
101,113,335
102,113,52
103,113,301
104,113,205
105,113,150
106,113,129
107,113,20
108,113,363
109,113,109
110,113,201
111,113,8
112,113,99
1,114,126
2,114,78
3,114,51
4,114,70
5,114,178
6,114,6
7,114,14
8,114,128
9,114,3
10,114,101
11,114,7
13,114,0
14,114,2
15,114,5
16,114,0
17,114,125
18,114,7
19,114,208
20,114,129
21,114,54
22,114,87
23,114,69
24,114,79
25,114,64
26,114,147
27,114,149
29,114,3
30,114,70
32,114,151
33,114,4
34,114,2
37,114,14
38,114,83
39,114,188
40,114,188
41,114,54
42,114,204
43,114,78
44,114,117
45,114,27
46,114,46
47,114,110
48,114,147
49,114,54
50,114,30
51,114,85
52,114,28
53,114,63
54,114,4
55,114,41
57,114,146
58,114,3
59,114,117
60,114,106
61,114,92
62,114,39
63,114,193
65,114,16
66,114,11
67,114,36
68,114,16
70,114,120
71,114,9
72,114,74
73,114,86
74,114,34
75,114,34
76,114,45
77,114,28
78,114,38
80,114,25
81,114,8
82,114,83
83,114,32
85,114,22
86,114,9
87,114,6
88,114,73
89,114,109
90,114,142
91,114,2
92,114,183
93,114,203
94,114,8
96,114,5
97,114,105
98,114,101
100,114,245
101,114,96
102,114,99
103,114,41
104,114,105
105,114,51
106,114,67
107,114,16
108,114,237
109,114,106
110,114,115
111,114,6
112,114,108
113,114,63
1,115,328
2,115,855
3,115,116
4,115,93
5,115,125
6,115,12
7,115,22
8,115,101
9,115,12
10,115,152
11,115,8
13,115,37
14,115,6
15,115,9
16,115,1
17,115,429
18,115,6
19,115,53
20,115,173
21,115,91
22,115,497
23,115,240
24,115,111
25,115,126
26,115,205
27,115,208
29,115,11
30,115,21
31,115,3
32,115,124
33,115,12
34,115,3
37,115,13
38,115,225
39,115,607
40,115,86
41,115,539
42,115,69
43,115,94
44,115,824
45,115,40
46,115,35
47,115,328
48,115,70
49,115,407
50,115,32
51,115,143
52,115,38
53,115,68
54,115,15
55,115,32
56,115,3
57,115,435
58,115,12
59,115,181
60,115,124
61,115,147
62,115,58
63,115,81
65,115,23
66,115,7
67,115,137
68,115,36
70,115,491
71,115,9
72,115,288
73,115,259
74,115,43
75,115,64
76,115,117
77,115,64
78,115,102
79,115,4
80,115,52
81,115,109
82,115,199
83,115,55
85,115,15
86,115,2
87,115,7
88,115,472
89,115,146
90,115,86
91,115,6
92,115,496
93,115,358
94,115,20
96,115,3
97,115,239
98,115,110
100,115,128
101,115,413
102,115,79
103,115,197
104,115,226
105,115,223
106,115,36
107,115,22
108,115,481
109,115,109
110,115,329
111,115,13
112,115,160
113,115,240
114,115,80
1,116,11
2,116,5
3,116,118
4,116,28
5,116,7
6,116,116
7,116,201
8,116,47
9,116,81
10,116,47
11,116,41
13,116,311
14,116,529
15,116,121
16,116,631
17,116,11
18,116,257
19,116,57
20,116,18
21,116,66
22,116,11
23,116,11
24,116,35
25,116,26
26,116,2
27,116,49
29,116,318
30,116,114
31,116,533
32,116,15
33,116,489
34,116,164
37,116,238
38,116,24
39,116,15
40,116,20
41,116,11
42,116,37
43,116,31
44,116,3
45,116,80
46,116,57
47,116,4
48,116,34
49,116,10
50,116,37
51,116,18
52,116,80
53,116,25
54,116,115
55,116,67
56,116,129
57,116,22
58,116,797
59,116,22
60,116,20
61,116,4
62,116,53
63,116,50
65,116,71
66,116,161
67,116,30
68,116,47
70,116,18
71,116,508
72,116,20
73,116,53
74,116,52
75,116,31
76,116,30
77,116,57
78,116,19
79,116,39
80,116,57
81,116,16
82,116,18
83,116,135
84,116,472
85,116,365
86,116,203
87,116,100
88,116,19
89,116,55
90,116,23
91,116,387
92,116,14
93,116,9
94,116,747
96,116,230
97,116,11
98,116,29
100,116,25
101,116,23
102,116,31
103,116,4
104,116,21
105,116,17
106,116,16
107,116,177
108,116,24
109,116,9
110,116,38
111,116,282
112,116,45
113,116,18
114,116,8
115,116,16
1,117,6
2,117,2
3,117,12
4,117,5
5,117,7
6,117,18
7,117,119
8,117,13
9,117,116
10,117,9
11,117,19
13,117,349
14,117,633
15,117,130
16,117,638
17,117,8
18,117,308
19,117,36
20,117,12
21,117,10
22,117,4
23,117,8
24,117,14
25,117,12
26,117,1
27,117,5
29,117,443
30,117,40
31,117,877
32,117,8
33,117,513
34,117,192
37,117,379
38,117,3
39,117,15
40,117,1
41,117,6
42,117,13
43,117,4
44,117,4
45,117,19
46,117,11
47,117,3
48,117,15
49,117,2
50,117,7
51,117,4
52,117,16
53,117,13
54,117,92
55,117,28
56,117,178
57,117,9
58,117,685
59,117,19
60,117,9
61,117,3
62,117,21
63,117,10
65,117,11
66,117,288
67,117,7
68,117,11
70,117,5
71,117,839
72,117,9
73,117,20
74,117,21
75,117,2
76,117,7
77,117,30
78,117,2
79,117,49
80,117,90
81,117,26
82,117,11
83,117,208
84,117,634
85,117,508
86,117,413
87,117,30
88,117,8
89,117,7
90,117,8
91,117,926
92,117,2
93,117,4
94,117,844
96,117,288
97,117,2
98,117,8
100,117,6
101,117,5
102,117,9
103,117,2
104,117,10
105,117,12
106,117,3
107,117,198
108,117,14
109,117,0
110,117,6
111,117,493
112,117,13
113,117,6
114,117,3
115,117,7
116,117,548
1,118,89
2,118,42
3,118,155
4,118,248
5,118,34
6,118,97
7,118,201
8,118,252
9,118,17
10,118,146
11,118,24
13,118,77
14,118,1
15,118,13
16,118,9
17,118,78
18,118,70
19,118,256
20,118,118
21,118,116
22,118,77
23,118,55
24,118,295
25,118,189
26,118,0
27,118,118
29,118,65
30,118,270
31,118,8
32,118,125
33,118,3
34,118,13
37,118,62
38,118,101
39,118,90
40,118,171
41,118,40
42,118,306
43,118,113
44,118,51
45,118,203
46,118,213
47,118,39
48,118,125
49,118,36
50,118,116
51,118,85
52,118,401
53,118,373
54,118,86
55,118,357
56,118,3
57,118,102
58,118,34
59,118,206
60,118,73
61,118,20
62,118,264
63,118,399
65,118,112
66,118,49
67,118,42
68,118,78
70,118,93
71,118,20
72,118,104
73,118,98
74,118,99
75,118,100
76,118,99
77,118,99
78,118,63
80,118,50
81,118,35
82,118,144
83,118,209
85,118,48
86,118,18
87,118,34
88,118,64
89,118,304
90,118,106
91,118,21
92,118,86
93,118,36
94,118,67
96,118,23
97,118,174
98,118,336
100,118,192
101,118,71
102,118,88
103,118,39
104,118,85
105,118,121
106,118,69
107,118,60
108,118,152
109,118,246
110,118,109
111,118,27
112,118,175
113,118,105
114,118,48
115,118,104
116,118,65
117,118,14
1,119,1
2,119,9
3,119,26
4,119,1
5,119,3
6,119,25
7,119,90
8,119,18
9,119,100
10,119,12
11,119,12
13,119,233
14,119,436
15,119,100
16,119,437
17,119,1
18,119,205
19,119,14
20,119,4
21,119,20
22,119,5
23,119,2
24,119,6
25,119,11
26,119,1
27,119,6
29,119,237
30,119,32
31,119,526
32,119,7
33,119,565
34,119,133
37,119,247
38,119,6
39,119,7
40,119,8
41,119,3
42,119,4
43,119,6
44,119,2
45,119,15
46,119,14
47,119,1
48,119,7
49,119,2
50,119,1
51,119,4
52,119,22
53,119,51
54,119,62
55,119,7
56,119,69
57,119,14
58,119,579
59,119,6
60,119,10
61,119,0
62,119,30
63,119,13
65,119,58
66,119,123
67,119,8
68,119,9
70,119,2
71,119,553
72,119,7
73,119,13
74,119,16
75,119,2
76,119,8
77,119,15
78,119,3
79,119,52
80,119,30
81,119,12
82,119,10
83,119,20
84,119,373
85,119,308
86,119,207
87,119,55
88,119,3
89,119,12
90,119,2
91,119,386
92,119,2
93,119,5
94,119,597
96,119,198
97,119,4
98,119,3
100,119,3
101,119,2
102,119,2
103,119,1
104,119,2
105,119,11
106,119,1
107,119,99
108,119,8
109,119,2
110,119,3
111,119,324
112,119,21
113,119,3
114,119,2
115,119,6
116,119,364
117,119,469
118,119,6
1,120,302
2,120,279
3,120,107
4,120,247
5,120,302
6,120,8
7,120,31
8,120,90
9,120,2
10,120,283
11,120,5
13,120,8
14,120,3
15,120,9
16,120,1
17,120,229
18,120,9
19,120,94
20,120,187
21,120,131
22,120,532
23,120,560
24,120,248
25,120,93
26,120,679
27,120,325
29,120,13
30,120,54
31,120,3
32,120,91
33,120,2
34,120,1
37,120,12
38,120,344
39,120,332
40,120,284
41,120,330
42,120,108
43,120,311
44,120,591
45,120,43
46,120,90
47,120,217
48,120,117
49,120,284
50,120,134
51,120,421
52,120,12
53,120,92
54,120,32
55,120,22
56,120,2
57,120,231
58,120,10
59,120,211
60,120,162
61,120,263
62,120,37
63,120,58
65,120,44
66,120,14
67,120,82
68,120,27
70,120,578
71,120,6
72,120,240
73,120,138
74,120,23
75,120,37
76,120,130
77,120,44
78,120,50
80,120,33
81,120,109
82,120,157
83,120,35
84,120,2
85,120,21
86,120,8
87,120,17
88,120,298
89,120,151
90,120,157
91,120,13
92,120,772
93,120,608
94,120,12
96,120,8
97,120,191
98,120,219
100,120,99
101,120,353
102,120,157
103,120,244
104,120,145
105,120,152
106,120,171
107,120,23
108,120,430
109,120,97
110,120,203
111,120,20
112,120,57
113,120,340
114,120,183
115,120,508
116,120,21
117,120,7
118,120,67
119,120,7
1,121,954
2,121,106
3,121,75
4,121,348
5,121,251
6,121,13
7,121,56
8,121,135
9,121,7
10,121,168
11,121,11
13,121,16
14,121,0
15,121,4
16,121,0
17,121,202
18,121,22
19,121,143
20,121,141
21,121,217
22,121,594
23,121,110
24,121,312
25,121,126
26,121,718
27,121,317
29,121,11
30,121,120
31,121,3
32,121,202
33,121,6
34,121,4
37,121,19
38,121,1139
39,121,870
40,121,1591
41,121,285
42,121,106
43,121,1842
44,121,279
45,121,41
46,121,100
47,121,46
48,121,423
49,121,190
50,121,54
51,121,1315
52,121,39
53,121,89
54,121,60
55,121,77
56,121,3
57,121,230
58,121,13
59,121,171
60,121,78
61,121,277
62,121,132
63,121,151
65,121,41
66,121,44
67,121,34
68,121,38
70,121,455
71,121,10
72,121,217
73,121,61
74,121,64
75,121,39
76,121,67
77,121,58
78,121,43
80,121,23
81,121,13
82,121,652
83,121,62
85,121,21
86,121,5
87,121,20
88,121,548
89,121,204
90,121,634
91,121,3
92,121,213
93,121,592
94,121,19
96,121,10
97,121,258
98,121,233
100,121,518
101,121,910
102,121,63
103,121,151
104,121,470
105,121,179
106,121,202
107,121,43
108,121,526
109,121,876
110,121,163
111,121,11
112,121,165
113,121,169
114,121,276
115,121,89
116,121,16
117,121,5
118,121,173
119,121,14
120,121,243
1,122,73
2,122,56
3,122,112
4,122,330
5,122,51
6,122,42
7,122,112
8,122,117
9,122,20
10,122,79
11,122,50
13,122,54
14,122,5
15,122,32
16,122,7
17,122,80
18,122,34
19,122,282
20,122,58
21,122,158
22,122,87
23,122,49
24,122,99
25,122,123
26,122,25
27,122,181
29,122,60
30,122,88
31,122,3
32,122,175
33,122,8
34,122,2
37,122,86
38,122,94
39,122,78
40,122,109
41,122,66
42,122,232
43,122,86
44,122,38
45,122,111
46,122,311
47,122,26
48,122,187
49,122,50
50,122,108
51,122,95
52,122,97
53,122,148
54,122,87
55,122,211
56,122,2
57,122,94
58,122,22
59,122,186
60,122,84
61,122,35
62,122,224
63,122,161
65,122,93
66,122,38
67,122,22
68,122,115
70,122,90
71,122,20
72,122,108
73,122,105
74,122,99
75,122,102
76,122,90
77,122,112
78,122,86
80,122,63
81,122,40
82,122,108
83,122,282
85,122,22
86,122,19
87,122,28
88,122,71
89,122,141
90,122,108
91,122,14
92,122,53
93,122,50
94,122,58
96,122,36
97,122,105
98,122,270
100,122,95
101,122,87
102,122,57
103,122,59
104,122,105
105,122,54
106,122,67
107,122,90
108,122,119
109,122,114
110,122,235
111,122,15
112,122,243
113,122,114
114,122,49
115,122,139
116,122,48
117,122,14
118,122,289
119,122,16
120,122,75
121,122,323
1,123,260
2,123,357
3,123,142
4,123,62
5,123,221
6,123,13
7,123,27
8,123,178
9,123,3
10,123,131
11,123,7
13,123,9
14,123,0
15,123,9
16,123,1
17,123,278
18,123,16
19,123,93
20,123,138
21,123,99
22,123,229
23,123,175
24,123,307
25,123,173
26,123,178
27,123,125
29,123,17
30,123,37
31,123,1
32,123,175
33,123,0
34,123,3
37,123,47
38,123,114
39,123,259
40,123,204
41,123,289
42,123,108
43,123,118
44,123,399
45,123,24
46,123,39
47,123,173
48,123,87
49,123,595
50,123,102
51,123,154
52,123,42
53,123,120
54,123,13
55,123,41
56,123,1
57,123,261
58,123,5
59,123,117
60,123,135
61,123,667
62,123,39
63,123,104
65,123,20
66,123,16
67,123,163
68,123,33
70,123,407
71,123,15
72,123,172
73,123,72
74,123,51
75,123,75
76,123,75
77,123,36
78,123,77
80,123,42
81,123,34
82,123,146
83,123,41
85,123,19
86,123,9
87,123,9
88,123,219
89,123,74
90,123,171
91,123,0
92,123,769
93,123,610
94,123,8
96,123,9
97,123,387
98,123,171
100,123,75
101,123,275
102,123,107
103,123,319
104,123,166
105,123,243
106,123,59
107,123,18
108,123,371
109,123,168
110,123,189
111,123,17
112,123,114
113,123,276
114,123,196
115,123,531
116,123,11
117,123,3
118,123,80
119,123,1
120,123,660
121,123,178
122,123,86
1,124,16
2,124,15
3,124,132
4,124,62
5,124,13
6,124,136
7,124,135
8,124,31
9,124,37
10,124,14
11,124,50
13,124,90
14,124,12
15,124,36
16,124,26
17,124,14
18,124,94
19,124,121
20,124,15
21,124,30
22,124,16
23,124,12
24,124,19
25,124,24
26,124,6
27,124,38
29,124,115
30,124,378
31,124,13
32,124,49
33,124,12
34,124,5
37,124,96
38,124,10
39,124,15
40,124,13
41,124,11
42,124,53
43,124,28
44,124,14
45,124,132
46,124,48
47,124,3
48,124,33
49,124,10
50,124,33
51,124,21
52,124,79
53,124,28
54,124,63
55,124,89
56,124,4
57,124,10
58,124,42
59,124,28
60,124,32
61,124,6
62,124,107
63,124,39
65,124,57
66,124,89
67,124,4
68,124,13
70,124,19
71,124,34
72,124,31
73,124,41
74,124,49
75,124,16
76,124,18
77,124,86
78,124,25
79,124,1
80,124,33
81,124,34
82,124,37
83,124,98
85,124,44
86,124,91
87,124,142
88,124,19
89,124,44
90,124,13
91,124,19
92,124,10
93,124,14
94,124,86
96,124,51
97,124,20
98,124,62
100,124,18
101,124,14
102,124,11
103,124,10
104,124,17
105,124,37
106,124,6
107,124,96
108,124,47
109,124,16
110,124,34
111,124,9
112,124,41
113,124,18
114,124,9
115,124,15
116,124,98
117,124,16
118,124,115
119,124,18
120,124,16
121,124,44
122,124,65
123,124,11
1,125,33
2,125,48
3,125,396
4,125,128
5,125,28
6,125,214
7,125,378
8,125,93
9,125,50
10,125,65
11,125,87
13,125,104
14,125,18
15,125,136
16,125,6
17,125,26
18,125,141
19,125,168
20,125,37
21,125,60
22,125,41
23,125,20
24,125,77
25,125,81
26,125,7
27,125,72
29,125,284
30,125,655
31,125,14
32,125,44
33,125,36
34,125,64
37,125,224
38,125,13
39,125,30
40,125,16
41,125,31
42,125,53
43,125,33
44,125,27
45,125,135
46,125,85
47,125,27
48,125,66
49,125,27
50,125,89
51,125,34
52,125,326
53,125,86
54,125,94
55,125,114
56,125,14
57,125,29
58,125,107
59,125,32
60,125,44
61,125,9
62,125,141
63,125,97
65,125,73
66,125,152
67,125,1
68,125,63
70,125,40
71,125,31
72,125,101
73,125,83
74,125,135
75,125,41
76,125,183
77,125,112
78,125,67
80,125,92
81,125,15
82,125,51
83,125,178
84,125,3
85,125,98
86,125,161
87,125,107
88,125,36
89,125,142
90,125,127
91,125,59
92,125,48
93,125,31
94,125,184
96,125,67
97,125,72
98,125,170
100,125,124
101,125,37
102,125,48
103,125,24
104,125,40
105,125,27
106,125,229
107,125,180
108,125,42
109,125,28
110,125,93
111,125,155
112,125,45
113,125,30
114,125,16
115,125,21
116,125,194
117,125,337
118,125,216
119,125,44
120,125,37
121,125,81
122,125,194
123,125,28
124,125,743
1,126,464
2,126,468
3,126,74
4,126,272
5,126,301
6,126,11
7,126,22
8,126,69
9,126,4
10,126,127
11,126,7
13,126,10
14,126,1
15,126,11
16,126,1
17,126,432
18,126,7
19,126,79
20,126,183
21,126,69
22,126,280
23,126,125
24,126,220
25,126,106
26,126,128
27,126,275
29,126,5
30,126,58
32,126,101
33,126,1
34,126,0
37,126,16
38,126,1284
39,126,374
40,126,2239
41,126,145
42,126,73
43,126,1068
44,126,382
45,126,21
46,126,57
47,126,108
48,126,180
49,126,233
50,126,51
51,126,862
52,126,26
53,126,91
54,126,17
55,126,31
56,126,1
57,126,158
58,126,1
59,126,160
60,126,50
61,126,403
62,126,26
63,126,57
65,126,9
66,126,13
67,126,56
68,126,46
70,126,264
71,126,7
72,126,98
73,126,129
74,126,42
75,126,30
76,126,46
77,126,31
78,126,38
80,126,10
81,126,31
82,126,745
83,126,34
85,126,4
86,126,123
87,126,16
88,126,409
89,126,167
90,126,676
91,126,2
92,126,167
93,126,138
94,126,9
96,126,4
97,126,176
98,126,137
100,126,264
101,126,805
102,126,22
103,126,74
104,126,547
105,126,154
106,126,446
107,126,27
108,126,776
109,126,360
110,126,211
111,126,8
112,126,76
113,126,96
114,126,92
115,126,120
116,126,8
117,126,5
118,126,84
119,126,1
120,126,207
121,126,808
122,126,50
123,126,81
124,126,9
125,126,12
1,127,15
2,127,4
3,127,42
4,127,33
5,127,16
6,127,73
7,127,70
8,127,42
9,127,80
10,127,30
11,127,21
13,127,287
14,127,394
15,127,125
16,127,481
17,127,15
18,127,282
19,127,47
20,127,17
21,127,17
22,127,10
23,127,16
24,127,17
25,127,25
26,127,7
27,127,23
29,127,274
30,127,36
31,127,586
32,127,27
33,127,448
34,127,113
37,127,316
38,127,14
39,127,6
40,127,8
41,127,11
42,127,14
43,127,39
44,127,6
45,127,42
46,127,51
47,127,7
48,127,32
49,127,7
50,127,17
51,127,8
52,127,44
53,127,21
54,127,105
55,127,26
56,127,224
57,127,26
58,127,668
59,127,18
60,127,13
61,127,6
62,127,49
63,127,23
65,127,79
66,127,195
67,127,7
68,127,13
70,127,7
71,127,1133
72,127,12
73,127,23
74,127,32
75,127,18
76,127,32
77,127,25
78,127,9
79,127,34
80,127,71
81,127,22
82,127,27
83,127,61
84,127,603
85,127,538
86,127,373
87,127,43
88,127,12
89,127,12
90,127,33
91,127,582
92,127,19
93,127,12
94,127,630
96,127,243
97,127,9
98,127,16
100,127,15
101,127,20
102,127,15
103,127,9
104,127,22
105,127,25
106,127,9
107,127,162
108,127,39
109,127,12
110,127,8
111,127,247
112,127,24
113,127,10
114,127,1
115,127,7
116,127,417
117,127,604
118,127,37
119,127,414
120,127,10
121,127,19
122,127,27
123,127,8
124,127,49
125,127,65
126,127,9
1,128,361
2,128,347
3,128,86
4,128,103
5,128,93
6,128,10
7,128,19
8,128,52
9,128,10
10,128,69
11,128,10
13,128,17
14,128,0
15,128,4
16,128,0
17,128,416
18,128,7
19,128,143
20,128,197
21,128,53
22,128,186
23,128,397
24,128,253
25,128,203
26,128,196
27,128,145
29,128,6
30,128,33
31,128,2
32,128,305
33,128,4
37,128,10
38,128,204
39,128,405
40,128,142
41,128,333
42,128,113
43,128,137
44,128,388
45,128,17
46,128,38
47,128,196
48,128,181
49,128,282
50,128,72
51,128,250
52,128,42
53,128,65
54,128,14
55,128,54
57,128,230
58,128,8
59,128,182
60,128,39
61,128,324
62,128,40
63,128,78
65,128,12
66,128,14
67,128,50
68,128,10
70,128,178
71,128,9
72,128,151
73,128,53
74,128,16
75,128,30
76,128,55
77,128,47
78,128,59
80,128,21
81,128,24
82,128,261
83,128,25
85,128,12
86,128,2
87,128,15
88,128,546
89,128,47
90,128,234
91,128,2
92,128,277
93,128,424
94,128,14
96,128,0
97,128,203
98,128,96
100,128,150
101,128,225
102,128,48
103,128,249
104,128,175
105,128,79
106,128,156
107,128,28
108,128,559
109,128,169
110,128,241
111,128,5
112,128,53
113,128,279
114,128,79
115,128,354
116,128,4
117,128,3
118,128,71
119,128,1
120,128,186
121,128,133
122,128,58
123,128,285
124,128,17
125,128,21
126,128,296
127,128,6
1,129,627
2,129,197
3,129,102
4,129,156
5,129,86
6,129,25
7,129,48
8,129,98
9,129,7
10,129,162
11,129,23
13,129,22
14,129,0
15,129,15
16,129,4
17,129,235
18,129,25
19,129,63
20,129,295
21,129,110
22,129,312
23,129,169
24,129,360
25,129,196
26,129,79
27,129,434
29,129,3
30,129,122
31,129,4
32,129,125
33,129,1
34,129,1
37,129,26
38,129,479
39,129,478
40,129,694
41,129,843
42,129,111
43,129,489
44,129,264
45,129,56
46,129,80
47,129,492
48,129,201
49,129,273
50,129,72
51,129,759
52,129,87
53,129,163
54,129,20
55,129,108
56,129,0
57,129,313
58,129,1
59,129,150
60,129,460
61,129,476
62,129,68
63,129,80
65,129,81
66,129,21
67,129,181
68,129,91
70,129,705
71,129,16
72,129,342
73,129,306
74,129,63
75,129,6670
76,129,99
77,129,160
78,129,71
80,129,89
81,129,40
82,129,428
83,129,67
85,129,19
86,129,16
87,129,19
88,129,322
89,129,282
90,129,172
91,129,12
92,129,712
93,129,382
94,129,21
96,129,19
97,129,216
98,129,104
100,129,101
101,129,308
102,129,138
103,129,115
104,129,392
105,129,375
106,129,90
107,129,27
108,129,673
109,129,425
110,129,637
111,129,5
112,129,99
113,129,422
114,129,141
115,129,402
116,129,21
117,129,4
118,129,127
119,129,4
120,129,279
121,129,495
122,129,102
123,129,475
124,129,26
125,129,33
126,129,631
127,129,13
128,129,144
1,130,183
2,130,319
3,130,137
4,130,546
5,130,58
6,130,19
7,130,33
8,130,135
9,130,12
10,130,138
11,130,5
13,130,27
14,130,0
15,130,6
16,130,1
17,130,151
18,130,8
19,130,67
20,130,207
21,130,171
22,130,208
23,130,142
24,130,240
25,130,225
26,130,166
27,130,326
29,130,9
30,130,79
31,130,2
32,130,116
33,130,5
34,130,2
37,130,12
38,130,137
39,130,179
40,130,122
41,130,247
42,130,156
43,130,137
44,130,184
45,130,52
46,130,91
47,130,96
48,130,99
49,130,289
50,130,84
51,130,287
52,130,98
53,130,93
54,130,5
55,130,118
56,130,1
57,130,209
58,130,14
59,130,88
60,130,157
61,130,117
62,130,92
63,130,142
65,130,57
66,130,18
67,130,159
68,130,31
70,130,186
71,130,19
72,130,324
73,130,162
74,130,51
75,130,400
76,130,94
77,130,82
78,130,57
80,130,57
81,130,31
82,130,156
83,130,47
85,130,24
86,130,3
87,130,18
88,130,228
89,130,220
90,130,94
91,130,5
92,130,548
93,130,462
94,130,20
96,130,8
97,130,335
98,130,120
100,130,62
101,130,274
102,130,108
103,130,225
104,130,197
105,130,220
106,130,116
107,130,32
108,130,289
109,130,50
110,130,272
111,130,5
112,130,233
113,130,288
114,130,137
115,130,320
116,130,14
117,130,8
118,130,104
119,130,3
120,130,297
121,130,130
122,130,93
123,130,305
124,130,18
125,130,64
126,130,194
127,130,8
128,130,230
129,130,532
1,131,727
2,131,352
3,131,71
4,131,111
5,131,248
6,131,7
7,131,28
8,131,277
9,131,0
10,131,192
11,131,2
13,131,9
14,131,1
15,131,11
16,131,3
17,131,226
18,131,14
19,131,103
20,131,323
21,131,178
22,131,104
23,131,252
24,131,231
25,131,522
26,131,653
27,131,168
29,131,7
30,131,51
31,131,0
32,131,205
33,131,4
34,131,0
37,131,8
38,131,310
39,131,257
40,131,201
41,131,129
42,131,54
43,131,304
44,131,288
45,131,28
46,131,42
47,131,136
48,131,150
49,131,194
50,131,66
51,131,313
52,131,72
53,131,53
54,131,18
55,131,69
57,131,418
58,131,5
59,131,252
60,131,87
61,131,227
62,131,71
63,131,42
65,131,12
66,131,17
67,131,87
68,131,20
70,131,244
71,131,19
72,131,91
73,131,60
74,131,24
75,131,19
76,131,122
77,131,21
78,131,51
80,131,18
81,131,58
82,131,220
83,131,53
85,131,14
86,131,2
87,131,8
88,131,357
89,131,397
90,131,238
91,131,21
92,131,288
93,131,155
94,131,27
96,131,7
97,131,194
98,131,251
100,131,111
101,131,847
102,131,106
103,131,82
104,131,157
105,131,324
106,131,153
107,131,20
108,131,224
109,131,188
110,131,121
111,131,19
112,131,70
113,131,325
114,131,143
115,131,242
116,131,21
117,131,5
118,131,29
119,131,1
120,131,193
121,131,380
122,131,128
123,131,263
124,131,13
125,131,26
126,131,463
127,131,9
128,131,221
129,131,617
130,131,164
1,132,111
2,132,70
3,132,211
4,132,500
5,132,57
6,132,32
7,132,195
8,132,168
9,132,29
10,132,199
11,132,21
13,132,61
14,132,6
15,132,19
16,132,6
17,132,60
18,132,22
19,132,260
20,132,131
21,132,255
22,132,97
23,132,99
24,132,188
25,132,217
26,132,43
27,132,375
29,132,38
30,132,138
31,132,3
32,132,268
33,132,6
34,132,7
37,132,58
38,132,103
39,132,158
40,132,134
41,132,85
42,132,271
43,132,251
44,132,79
45,132,157
46,132,275
47,132,57
48,132,302
49,132,61
50,132,124
51,132,93
52,132,287
53,132,120
54,132,88
55,132,236
56,132,2
57,132,170
58,132,25
59,132,202
60,132,70
61,132,140
62,132,219
63,132,202
65,132,79
66,132,84
67,132,62
68,132,69
70,132,86
71,132,19
72,132,148
73,132,186
74,132,92
75,132,116
76,132,178
77,132,162
78,132,99
80,132,27
81,132,46
82,132,200
83,132,194
85,132,18
86,132,21
87,132,45
88,132,118
89,132,184
90,132,113
91,132,19
92,132,295
93,132,114
94,132,59
96,132,37
97,132,133
98,132,277
100,132,122
101,132,84
102,132,95
103,132,68
104,132,145
105,132,208
106,132,54
107,132,46
108,132,215
109,132,191
110,132,199
111,132,13
112,132,323
113,132,172
114,132,117
115,132,60
116,132,39
117,132,16
118,132,297
119,132,16
120,132,220
121,132,244
122,132,473
123,132,65
124,132,23
125,132,130
126,132,198
127,132,40
128,132,90
129,132,165
130,132,348
131,132,108
1,133,250
2,133,550
3,133,70
4,133,91
5,133,260
6,133,3
7,133,26
8,133,75
9,133,4
10,133,106
11,133,13
13,133,12
14,133,0
15,133,7
16,133,0
17,133,407
18,133,6
19,133,28
20,133,77
21,133,51
22,133,217
23,133,567
24,133,164
25,133,72
26,133,149
27,133,133
29,133,5
30,133,30
32,133,65
34,133,1
37,133,12
38,133,171
39,133,417
40,133,317
41,133,441
42,133,49
43,133,125
44,133,610
45,133,18
46,133,57
47,133,523
48,133,64
49,133,343
50,133,35
51,133,438
52,133,21
53,133,52
54,133,8
55,133,38
56,133,2
57,133,170
58,133,4
59,133,107
60,133,55
61,133,441
62,133,33
63,133,50
65,133,9
66,133,11
67,133,66
68,133,12
70,133,410
71,133,5
72,133,79
73,133,46
74,133,19
75,133,65
76,133,107
77,133,45
78,133,41
80,133,14
81,133,38
82,133,97
83,133,21
85,133,9
86,133,0
87,133,13
88,133,532
89,133,195
90,133,68
91,133,2
92,133,457
93,133,361
94,133,6
96,133,5
97,133,133
98,133,160
100,133,93
101,133,312
102,133,47
103,133,355
104,133,285
105,133,70
106,133,43
107,133,9
108,133,673
109,133,285
110,133,154
111,133,10
112,133,27
113,133,227
114,133,105
115,133,388
116,133,23
117,133,0
118,133,52
119,133,1
120,133,372
121,133,129
122,133,35
123,133,484
124,133,15
125,133,37
126,133,233
127,133,4
128,133,585
129,133,278
130,133,268
131,133,209
132,133,66
1,134,170
2,134,104
3,134,225
4,134,211
5,134,72
6,134,77
7,134,190
8,134,173
9,134,14
10,134,186
11,134,16
13,134,43
15,134,27
16,134,2
17,134,68
18,134,22
19,134,324
20,134,81
21,134,176
22,134,39
23,134,41
24,134,53
25,134,111
26,134,32
27,134,122
29,134,45
30,134,244
31,134,2
32,134,142
33,134,9
34,134,10
37,134,72
38,134,49
39,134,75
40,134,46
41,134,42
42,134,357
43,134,101
44,134,81
45,134,115
46,134,206
47,134,27
48,134,374
49,134,15
50,134,120
51,134,57
52,134,244
53,134,225
54,134,85
55,134,165
56,134,2
57,134,103
58,134,16
59,134,254
60,134,92
61,134,27
62,134,176
63,134,242
65,134,111
66,134,52
67,134,19
68,134,32
70,134,97
71,134,36
72,134,109
73,134,185
74,134,125
75,134,48
76,134,141
77,134,190
78,134,34
80,134,20
81,134,13
82,134,177
83,134,222
85,134,25
86,134,17
87,134,51
88,134,104
89,134,114
90,134,94
91,134,16
92,134,57
93,134,47
94,134,59
96,134,27
97,134,104
98,134,314
100,134,81
101,134,45
102,134,61
103,134,32
104,134,112
105,134,185
106,134,168
107,134,66
108,134,61
109,134,51
110,134,125
111,134,25
112,134,213
113,134,56
114,134,100
115,134,74
116,134,32
117,134,19
118,134,233
119,134,17
120,134,47
121,134,107
122,134,137
123,134,58
124,134,59
125,134,82
126,134,50
127,134,45
128,134,112
129,134,79
130,134,254
131,134,75
132,134,305
133,134,33
1,135,320
2,135,113
3,135,80
4,135,208
5,135,103
6,135,21
7,135,34
8,135,164
9,135,15
10,135,122
11,135,17
13,135,9
14,135,0
15,135,7
16,135,3
17,135,218
18,135,7
19,135,138
20,135,129
21,135,145
22,135,281
23,135,72
24,135,399
25,135,569
26,135,152
27,135,310
29,135,13
30,135,117
31,135,2
32,135,309
33,135,2
34,135,3
37,135,18
38,135,470
39,135,178
40,135,480
41,135,232
42,135,81
43,135,478
44,135,160
45,135,46
46,135,78
47,135,156
48,135,198
49,135,108
50,135,93
51,135,179
52,135,56
53,135,200
54,135,24
55,135,64
57,135,360
58,135,6
59,135,243
60,135,76
61,135,274
62,135,99
63,135,159
65,135,44
66,135,21
67,135,37
68,135,44
70,135,141
71,135,15
72,135,86
73,135,78
74,135,84
75,135,51
76,135,173
77,135,95
78,135,47
80,135,15
81,135,73
82,135,215
83,135,63
85,135,16
86,135,13
87,135,16
88,135,218
89,135,148
90,135,315
91,135,4
92,135,110
93,135,135
94,135,22
96,135,5
97,135,174
98,135,243
100,135,164
101,135,466
102,135,55
103,135,74
104,135,228
105,135,180
106,135,97
107,135,18
108,135,349
109,135,161
110,135,192
111,135,21
112,135,106
113,135,181
114,135,90
115,135,204
116,135,17
117,135,6
118,135,84
119,135,2
120,135,226
121,135,206
122,135,65
123,135,133
124,135,15
125,135,25
126,135,307
127,135,23
128,135,209
129,135,482
130,135,218
131,135,116
132,135,130
133,135,141
134,135,135
6,136,1
7,136,1
9,136,10
11,136,0
13,136,51
14,136,125
15,136,8
16,136,74
18,136,114
29,136,222
31,136,40
33,136,16
34,136,30
37,136,13
54,136,3
56,136,2
58,136,276
70,136,0
71,136,49
79,136,4
80,136,21
84,136,23
85,136,84
86,136,36
87,136,1
91,136,103
94,136,206
96,136,35
107,136,36
111,136,54
112,136,1
116,136,186
117,136,91
119,136,114
127,136,164
1,137,915
2,137,148
3,137,169
4,137,312
5,137,58
6,137,11
7,137,33
8,137,250
9,137,4
10,137,332
11,137,6
13,137,12
14,137,0
15,137,8
17,137,128
18,137,9
19,137,98
20,137,190
21,137,162
22,137,562
23,137,149
24,137,566
25,137,153
26,137,172
27,137,551
29,137,13
30,137,84
31,137,3
32,137,217
33,137,1
34,137,2
37,137,12
38,137,1105
39,137,460
40,137,686
41,137,261
42,137,196
43,137,1272
44,137,106
45,137,30
46,137,91
47,137,181
48,137,139
49,137,955
50,137,122
51,137,725
52,137,142
53,137,90
54,137,13
55,137,102
56,137,1
57,137,357
58,137,6
59,137,266
60,137,96
61,137,424
62,137,186
63,137,71
65,137,34
66,137,18
67,137,189
68,137,33
70,137,699
71,137,14
72,137,133
73,137,220
74,137,29
75,137,62
76,137,101
77,137,109
78,137,47
80,137,15
81,137,74
82,137,334
83,137,38
85,137,12
86,137,15
87,137,14
88,137,291
89,137,158
90,137,600
91,137,7
92,137,501
93,137,398
94,137,17
96,137,13
97,137,305
98,137,193
100,137,205
101,137,708
102,137,102
103,137,110
104,137,472
105,137,149
106,137,242
107,137,29
108,137,496
109,137,1164
110,137,167
111,137,17
112,137,139
113,137,160
114,137,129
115,137,187
116,137,16
117,137,6
118,137,62
119,137,2
120,137,369
121,137,560
122,137,73
123,137,183
124,137,11
125,137,27
126,137,656
127,137,13
128,137,73
129,137,737
130,137,654
131,137,229
132,137,528
133,137,454
134,137,135
135,137,183
1,138,313
2,138,373
3,138,50
4,138,64
5,138,111
6,138,2
7,138,19
8,138,51
9,138,2
10,138,87
11,138,24
13,138,10
14,138,2
15,138,3
16,138,2
17,138,252
18,138,2
19,138,38
20,138,161
21,138,76
22,138,466
23,138,281
24,138,111
25,138,125
26,138,188
27,138,241
29,138,3
30,138,46
31,138,1
32,138,119
34,138,2
37,138,10
38,138,92
39,138,513
40,138,82
41,138,238
42,138,76
43,138,237
44,138,425
45,138,15
46,138,61
47,138,246
48,138,73
49,138,181
50,138,43
51,138,153
52,138,18
53,138,28
54,138,6
55,138,31
57,138,156
58,138,4
59,138,114
60,138,45
61,138,228
62,138,59
63,138,47
65,138,9
66,138,16
67,138,37
68,138,16
70,138,380
71,138,5
72,138,77
73,138,92
74,138,38
75,138,23
76,138,74
77,138,41
78,138,25
80,138,25
81,138,60
82,138,135
83,138,47
85,138,3
86,138,1
87,138,15
88,138,482
89,138,92
90,138,142
91,138,2
92,138,167
93,138,134
94,138,15
96,138,3
97,138,124
98,138,114
100,138,38
101,138,241
102,138,50
103,138,237
104,138,123
105,138,116
106,138,45
107,138,16
108,138,672
109,138,124
110,138,128
111,138,5
112,138,57
113,138,521
114,138,66
115,138,506
116,138,10
117,138,9
118,138,61
119,138,1
120,138,356
121,138,255
122,138,56
123,138,340
124,138,16
125,138,31
126,138,289
127,138,10
128,138,742
129,138,244
130,138,137
131,138,256
132,138,108
133,138,523
134,138,92
135,138,186
137,138,56
1,139,812
2,139,119
3,139,18
4,139,927
5,139,889
6,139,11
7,139,12
8,139,130
9,139,4
10,139,122
11,139,6
13,139,9
14,139,1
15,139,11
16,139,3
17,139,289
18,139,9
19,139,66
20,139,206
21,139,8
22,139,335
23,139,57
24,139,1327
25,139,57
26,139,142
27,139,352
29,139,18
30,139,4
32,139,70
33,139,3
34,139,9
37,139,10
38,139,675
39,139,1138
40,139,1492
41,139,253
42,139,186
43,139,1735
44,139,211
45,139,176
46,139,62
47,139,393
48,139,170
49,139,998
50,139,37
51,139,985
52,139,17
53,139,163
54,139,10
55,139,45
56,139,4
57,139,115
58,139,5
59,139,176
60,139,5
61,139,360
62,139,37
63,139,20
65,139,2
66,139,12
67,139,72
68,139,10
70,139,319
71,139,31
72,139,18
73,139,12
74,139,12
75,139,9
76,139,14
77,139,47
78,139,39
80,139,37
81,139,35
82,139,471
83,139,30
85,139,17
86,139,3
87,139,3
88,139,1133
89,139,158
90,139,1088
91,139,5
92,139,152
93,139,636
94,139,7
96,139,8
97,139,96
98,139,460
100,139,232
101,139,768
102,139,9
103,139,437
104,139,523
105,139,151
106,139,733
107,139,21
108,139,208
109,139,1196
110,139,195
111,139,7
112,139,10
113,139,81
114,139,227
115,139,29
116,139,13
117,139,2
118,139,25
119,139,8
120,139,288
121,139,1466
122,139,32
123,139,86
124,139,4
125,139,4
126,139,1237
127,139,9
128,139,151
129,139,1042
130,139,94
131,139,276
132,139,106
133,139,188
134,139,23
135,139,307
137,139,1058
138,139,198
